Date,Open,High,Low,Close,Volume
2021-06-21 00:00:00+05:30,2845.641455585592,2863.944203079405,2834.0496729495662,2852.701171875,1130569
2021-06-22 00:00:00+05:30,2879.6325477944183,2899.7220365455437,2863.0729175256247,2877.192138671875,1708688
2021-06-23 00:00:00+05:30,2901.4214102067162,2901.4214102067162,2838.1461089982627,2842.50390625,1467104
2021-06-24 00:00:00+05:30,2862.201396615176,2948.485787073429,2857.4078193674954,2940.293212890625,4155204
2021-06-25 00:00:00+05:30,2941.731405400167,2962.997373554617,2919.7245265063507,2946.568603515625,2722861
2021-06-28 00:00:00+05:30,2955.8944020733243,2955.8944020733243,2904.908165151228,2908.176513671875,1355238
2021-06-29 00:00:00+05:30,2912.75147576147,2933.930411454228,2899.2423052425283,2911.749267578125,1497322
2021-06-30 00:00:00+05:30,2916.2376652341122,2947.6138026962844,2909.700969929493,2916.019775390625,1693146
2021-07-01 00:00:00+05:30,2926.6964036255704,2930.182641152224,2904.340990599126,2912.315673828125,990310
2021-07-02 00:00:00+05:30,2903.164590185935,2910.74711500687,2871.9627186504385,2898.327392578125,1682274
2021-07-05 00:00:00+05:30,2912.751969004065,2940.6418741531165,2877.889587567751,2894.44921875,1972858
2021-07-06 00:00:00+05:30,2887.476597920685,2900.5499903048712,2837.8849479232354,2843.28857421875,2159420
2021-07-07 00:00:00+05:30,2854.3573412344163,2861.068306777802,2825.2473392645243,2854.313720703125,2640710
2021-07-08 00:00:00+05:30,2874.403409022796,2874.403409022796,2816.7932373915455,2839.976806640625,2485811
2021-07-09 00:00:00+05:30,2832.567861149529,2860.4577600900784,2789.861453396813,2796.093017578125,6365067
2021-07-12 00:00:00+05:30,2819.4950656544133,2820.366625180118,2778.836898893528,2782.976806640625,1892226
2021-07-13 00:00:00+05:30,2801.1923556653715,2801.1923556653715,2767.2015336768995,2778.1396484375,1809339
2021-07-14 00:00:00+05:30,2777.660608194992,2808.165195985022,2775.9174888927046,2801.672119140625,2044279
2021-07-15 00:00:00+05:30,2819.1847651324792,2822.8969769583846,2789.836369868689,2797.65380859375,2232968
2021-07-16 00:00:00+05:30,2806.4321146858747,2812.4154119318237,2788.089421125836,2790.53515625,1256526
2021-07-19 00:00:00+05:30,2777.6074802121598,2794.902060002589,2774.1136343251005,2781.62548828125,1597058
2021-07-20 00:00:00+05:30,2781.625724283251,2808.1788699787835,2756.7755727052318,2800.14306640625,1811945
2021-07-22 00:00:00+05:30,2786.342357051715,2816.8697957122436,2786.342357051715,2809.358154296875,2859334
2021-07-23 00:00:00+05:30,2821.2805602259114,2831.369082897258,2800.88514951478,2806.30078125,1776193
2021-07-26 00:00:00+05:30,2795.076949858996,2816.2583923696466,2787.0848620044726,2792.93701171875,1259611
2021-07-27 00:00:00+05:30,2795.0771333129255,2803.8117493545283,2761.143064692313,2780.1845703125,1121367
2021-07-28 00:00:00+05:30,2784.5953079467704,2798.9637072093665,2736.030762446464,2793.1552734375,1660654
2021-07-29 00:00:00+05:30,2795.2950640095637,2817.3062503618876,2786.604165049208,2791.408203125,1731997
2021-07-30 00:00:00+05:30,2811.6732338642078,2815.6038115443534,2762.1917134787022,2766.646240234375,2999943
2021-08-02 00:00:00+05:30,2777.608397030272,2816.8267447585235,2766.2533941493307,2812.022705078125,2608669
2021-08-03 00:00:00+05:30,2820.407229235337,2873.688381599337,2811.6288983685017,2869.233642578125,3804735
2021-08-04 00:00:00+05:30,2882.423149896209,2886.9651073617065,2848.532798696424,2859.66943359375,2929598
2021-08-05 00:00:00+05:30,2860.5866144070887,2895.5250768731294,2849.668344886451,2868.404052734375,2534521
2021-08-06 00:00:00+05:30,2858.446952125607,2903.386511160593,2851.852274049138,2890.9833984375,2292362
2021-08-09 00:00:00+05:30,2903.2985994335254,2914.7410304017426,2891.1575698620823,2902.25048828125,1510489
2021-08-10 00:00:00+05:30,2896.049513909292,2926.009077718762,2896.049513909292,2912.03369140625,2040777
2021-08-11 00:00:00+05:30,2926.0961488608095,2934.8307642305435,2906.0939649630977,2921.030029296875,1929707
2021-08-12 00:00:00+05:30,2905.1331209034925,2941.818506074252,2905.1331209034925,2927.624755859375,1310205
2021-08-13 00:00:00+05:30,2935.486220194915,3039.646521246241,2932.6474698517973,3025.14697265625,4363584
2021-08-16 00:00:00+05:30,3022.177239931128,3052.180732221917,3001.6508916252374,3033.488525390625,2083489
2021-08-17 00:00:00+05:30,3041.4808209854054,3110.222208478217,3024.7976185870784,3103.452880859375,4336019
2021-08-18 00:00:00+05:30,3121.6207437384664,3140.094370801781,3089.084299979811,3110.003662109375,2631309
2021-08-20 00:00:00+05:30,3062.3562322767416,3122.6250799741447,3057.11546291175,3109.08642578125,2836148
2021-08-23 00:00:00+05:30,3126.9920590866773,3208.2239757054094,3111.182321198469,3177.128662109375,3744176
2021-08-24 00:00:00+05:30,3194.248127947744,3203.288538137121,3139.569362635241,3155.990478515625,2511141
2021-08-25 00:00:00+05:30,3153.195992277176,3229.842238349842,3150.619323520232,3195.99560546875,2123263
2021-08-26 00:00:00+05:30,3196.869122383676,3220.976745326856,3186.3001528276395,3207.2197265625,1902533
2021-08-27 00:00:00+05:30,3202.11010049132,3257.5749099242707,3189.0956084587892,3249.407958984375,3944728
2021-08-30 00:00:00+05:30,3244.9092501743835,3267.0515829812716,3220.976492013116,3232.94287109375,2033114
2021-08-31 00:00:00+05:30,3240.0181060067675,3322.7350832895377,3234.821052565711,3307.318359375,3207480
2021-09-01 00:00:00+05:30,3315.6598191363482,3333.740429346746,3237.9217464537523,3244.86572265625,2643336
2021-09-02 00:00:00+05:30,3261.504773428846,3370.818379183612,3251.023236931485,3351.2529296875,3403717
2021-09-03 00:00:00+05:30,3340.9902512143804,3368.8535878797816,3323.1280061155453,3355.8828125,1746812
2021-09-06 00:00:00+05:30,3362.563994365333,3386.9336930940144,3331.381467951916,3364.572998046875,1723693
2021-09-07 00:00:00+05:30,3375.0553326995914,3380.2523861240065,3326.359852679405,3333.041748046875,1585039
2021-09-08 00:00:00+05:30,3327.8878948707797,3332.2552018194287,3280.720979825367,3296.57421875,4147175
2021-09-09 00:00:00+05:30,3310.1574918649753,3326.753262811429,3288.5830322840793,3311.642333984375,1441148
2021-09-13 00:00:00+05:30,3290.3295846609585,3364.9231140500738,3290.3295846609585,3358.765380859375,1691473
2021-09-14 00:00:00+05:30,3362.783182604123,3403.4428595697864,3340.990360029368,3394.18408203125,1991188
2021-09-15 00:00:00+05:30,3390.864734115968,3476.3765236062077,3376.8019196637183,3454.14697265625,2461369
2021-09-16 00:00:00+05:30,3432.7034578675884,3477.9050873700435,3399.599354603407,3409.382080078125,2946666
2021-09-17 00:00:00+05:30,3423.9686293798904,3445.8051640060376,3323.520570099613,3343.479248046875,6477148
2021-09-20 00:00:00+05:30,3327.015226750993,3381.169845826488,3326.0108312122866,3339.680419921875,2002008
2021-09-21 00:00:00+05:30,3369.814591658296,3381.6500380706075,3338.06417965979,3374.13818359375,1568129
2021-09-22 00:00:00+05:30,3373.745249967666,3403.7487396255815,3364.9669187066097,3373.439453125,1744067
2021-09-23 00:00:00+05:30,3380.295965257923,3388.1571186654996,3349.7248131173474,3379.640869140625,2003869
2021-09-24 00:00:00+05:30,3397.765573794787,3445.2817988337056,3367.194418246505,3381.431884765625,2320754
2021-09-27 00:00:00+05:30,3406.4997674048227,3409.9936133201095,3321.6865725122584,3351.427978515625,1673362
2021-09-28 00:00:00+05:30,3362.8267262073114,3362.8267262073114,3276.572404333812,3300.94189453125,2253075
2021-09-29 00:00:00+05:30,3284.0401426210105,3324.394015769892,3251.154193681043,3312.078125,2489161
2021-09-30 00:00:00+05:30,3323.5210059352767,3323.5210059352767,3275.568054906828,3297.797607421875,2252412
2021-10-01 00:00:00+05:30,3303.213265514092,3327.8885546661445,3253.6443218192617,3258.186279296875,1578374
2021-10-04 00:00:00+05:30,3253.4698752268573,3304.8729634637243,3238.3152308655813,3295.832763671875,1356860
2021-10-05 00:00:00+05:30,3278.974451056184,3354.092139599293,3268.143613821035,3348.239990234375,1877966
2021-10-06 00:00:00+05:30,3350.597793669295,3369.3334972852485,3314.7858777307024,3328.673828125,1678154
2021-10-07 00:00:00+05:30,3345.3569737524203,3405.625806961015,3336.6660759609513,3400.297607421875,1647233
2021-10-08 00:00:00+05:30,3428.336392186259,3485.023958314772,3406.49985465641,3437.638671875,2934339
2021-10-11 00:00:00+05:30,3279.84762938638,3282.0312829345735,3196.8687945550337,3219.2294921875,11845402
2021-10-12 00:00:00+05:30,3237.0489136733318,3237.9223753337938,3171.1899897734634,3190.62451171875,5752877
2021-10-13 00:00:00+05:30,3188.134800198695,3210.3643549916846,3183.7674922532174,3192.6767578125,3545655
2021-10-14 00:00:00+05:30,3172.373782144585,3211.754973922932,3157.671427816008,3160.515625,6442299
2021-10-18 00:00:00+05:30,3153.5143445062477,3196.6148686071647,3151.764069415855,3191.7578125,3590107
2021-10-19 00:00:00+05:30,3210.8789937414167,3229.344477614501,3172.5479344045198,3180.38037109375,3135441
2021-10-20 00:00:00+05:30,3160.9965878425232,3176.749062532768,3131.5044974037755,3158.239990234375,2933693
2021-10-21 00:00:00+05:30,3154.0830236717397,3157.014605986085,3072.826424568322,3091.423095703125,4871211
2021-10-22 00:00:00+05:30,3115.489176480275,3116.8894817975106,3049.8538707959997,3061.974609375,2691670
2021-10-25 00:00:00+05:30,3065.6069429891672,3075.7148247703158,3019.224651245397,3056.811767578125,2595594
2021-10-26 00:00:00+05:30,3058.1677119370643,3088.359952904822,3041.102532259636,3047.753662109375,3878763
2021-10-27 00:00:00+05:30,3048.1038084048596,3072.8264419355623,3048.1038084048596,3054.010986328125,2510813
2021-10-28 00:00:00+05:30,3078.7341458962983,3078.7341458962983,2988.594971073297,2994.41455078125,2424942
2021-10-29 00:00:00+05:30,2975.5113942015646,3028.8509837909737,2963.171869596629,2973.49853515625,3960501
2021-11-01 00:00:00+05:30,3008.678887143488,3051.6044237040865,2986.8004499216345,3042.327880859375,2020718
2021-11-02 00:00:00+05:30,3057.7304430162308,3074.883223579942,3036.5083585161897,3049.154052734375,3087414
2021-11-03 00:00:00+05:30,3066.6568251407275,3080.396441340284,3033.2704145388475,3056.198974609375,1537639
2021-11-04 00:00:00+05:30,3074.3146481553817,3074.5772321717463,3067.3573468332656,3070.551513671875,328991
2021-11-08 00:00:00+05:30,3104.988159414924,3104.988159414924,3046.5289258580847,3065.38818359375,2526082
2021-11-09 00:00:00+05:30,3069.982097096755,3093.6108076502364,3059.4804479618747,3067.96923828125,1782692
2021-11-10 00:00:00+05:30,3061.231530695062,3080.22197516101,3045.654037636009,3049.2421875,1516489
2021-11-11 00:00:00+05:30,3045.4782127830945,3071.7761349092793,3006.9721664145727,3052.654296875,1284514
2021-11-12 00:00:00+05:30,3068.232015188849,3092.867049870975,3050.466681553837,3085.778564453125,1747259
2021-11-15 00:00:00+05:30,3087.4847137107154,3123.8905146184666,3087.4847137107154,3109.625732421875,1809157
2021-11-16 00:00:00+05:30,3123.365684964674,3129.0978782245816,3099.7369728621115,3112.3388671875,2013204
2021-11-17 00:00:00+05:30,3107.263346120604,3117.9837806790056,3068.5820970335662,3082.146728515625,1632914
2021-11-18 00:00:00+05:30,3076.239216377488,3081.227670596647,3020.624404263083,3041.715087890625,2136598
2021-11-22 00:00:00+05:30,3044.0779438712275,3076.939397021558,3010.735336060811,3026.5751953125,3167936
2021-11-23 00:00:00+05:30,3014.84867157337,3046.309821800846,2982.293599476673,3031.695068359375,2153461
2021-11-24 00:00:00+05:30,3038.6524730061487,3056.8991758736497,2996.4708870125883,3013.361083984375,2161746
2021-11-25 00:00:00+05:30,3013.8857114671073,3030.6009218524678,3005.2657359705536,3015.635986328125,1849619
2021-11-26 00:00:00+05:30,2997.3464188105395,3054.2303654449,2985.8820302569543,3016.46826171875,1941251
2021-11-29 00:00:00+05:30,3016.73030953973,3088.6667868251257,2981.112254109793,3064.731689453125,2981745
2021-11-30 00:00:00+05:30,3055.1048030638794,3118.771051824377,3055.1048030638794,3088.4912109375,5588446
2021-12-01 00:00:00+05:30,3093.611450384857,3141.7440189198405,3093.611450384857,3131.0673828125,2102118
2021-12-02 00:00:00+05:30,3141.043729353686,3192.501861296703,3127.8292802160927,3188.03857421875,3152938
2021-12-03 00:00:00+05:30,3191.14535668199,3208.2105393359575,3177.4933387527963,3185.89453125,2486263
2021-12-06 00:00:00+05:30,3185.8945329269327,3201.2532400549144,3082.2345302004946,3094.83642578125,1849642
2021-12-07 00:00:00+05:30,3117.6773946078056,3148.744776364599,3084.247184293791,3136.930419921875,1484458
2021-12-08 00:00:00+05:30,3151.3703992829187,3191.1453592306834,3151.3703992829187,3174.036376953125,1428660
2021-12-09 00:00:00+05:30,3159.246006579918,3180.905657179046,3120.7399610703565,3152.026123046875,1567957
2021-12-10 00:00:00+05:30,3137.368028762515,3187.2508677135506,3128.704252723142,3182.7001953125,1510718
2021-12-13 00:00:00+05:30,3194.2515775651827,3204.753226587315,3151.982397519782,3158.939697265625,1883864
2021-12-14 00:00:00+05:30,3154.870857709162,3181.1249841256044,3130.104422391659,3171.323486328125,1747007
2021-12-15 00:00:00+05:30,3167.9973610781176,3170.622773255807,3113.870027885459,3124.546875,1603233
2021-12-16 00:00:00+05:30,3134.7427918327685,3157.890137946773,3124.2411409388565,3134.392822265625,2072320
2021-12-17 00:00:00+05:30,3152.6829772411506,3195.433531388944,3127.478973442637,3136.79931640625,4333992
2021-12-20 00:00:00+05:30,3140.8683653072517,3155.7457022284616,3071.863690654172,3112.7763671875,2312310
2021-12-21 00:00:00+05:30,3135.31114084143,3186.5504819413068,3121.0901570926853,3157.758544921875,2340989
2021-12-22 00:00:00+05:30,3171.4978520063,3182.6996531552995,3155.9641635755297,3177.405029296875,1224328
2021-12-23 00:00:00+05:30,3192.5012455657984,3212.1918371297324,3176.7487723146514,3205.36572265625,1792861
2021-12-24 00:00:00+05:30,3224.881515742944,3242.384264810748,3189.7010328479782,3212.5419921875,2209923
2021-12-27 00:00:00+05:30,3212.6296670648817,3238.0086538109676,3196.964791742873,3234.595703125,1534135
2021-12-28 00:00:00+05:30,3246.7599040945056,3259.8869657013565,3232.62651989377,3243.74072265625,1456218
2021-12-29 00:00:00+05:30,3231.2260732834216,3255.4673365931217,3224.881327117451,3233.3701171875,1456923
2021-12-30 00:00:00+05:30,3221.687557676224,3273.0142871714934,3220.506036575159,3267.544677734375,1966475
2021-12-31 00:00:00+05:30,3275.4646315888162,3290.5169536454464,3265.4005504805923,3271.5703125,1207141
2022-01-03 00:00:00+05:30,3281.765347589999,3351.776341671919,3277.389660459879,3341.055908203125,2346158
2022-01-04 00:00:00+05:30,3352.7391471393594,3403.5407048377974,3335.7613525319584,3399.690185546875,2488606
2022-01-05 00:00:00+05:30,3382.406410124512,3386.7820975890972,3336.3740925344277,3378.862060546875,1733031
2022-01-06 00:00:00+05:30,3336.024154690046,3356.152317218344,3301.0186546408327,3332.042236328125,1810293
2022-01-07 00:00:00+05:30,3343.025663560724,3382.3192567090296,3322.3723305430844,3372.3427734375,2460591
2022-01-10 00:00:00+05:30,3481.2970046437595,3481.2970046437595,3378.905916271884,3395.40234375,3937092
2022-01-11 00:00:00+05:30,3374.5305161761016,3434.915009333817,3374.5305161761016,3426.951171875,1906106
2022-01-12 00:00:00+05:30,3434.9144030891543,3438.414952799309,3357.508540354682,3377.94287109375,3203744
2022-01-13 00:00:00+05:30,3428.7883453116465,3433.164032327103,3375.4049637230783,3411.197998046875,6684507
2022-01-14 00:00:00+05:30,3393.65249028002,3480.422299459404,3378.074997981083,3472.67724609375,3348123
2022-01-17 00:00:00+05:30,3494.1617360161467,3538.1811985563745,3467.557639327894,3517.30908203125,3442604
2022-01-18 00:00:00+05:30,3530.2608122209094,3537.0431277245425,3483.047187672104,3492.32373046875,2389041
2022-01-19 00:00:00+05:30,3517.2213810726757,3517.2213810726757,3428.2388361626868,3431.876953125,3102539
2022-01-20 00:00:00+05:30,3427.8006047003137,3436.5673581650203,3341.0097453997178,3354.64208984375,6176776
2022-01-21 00:00:00+05:30,3337.5027246819773,3376.5586504367925,3306.0301683677976,3360.734619140625,3112358
2022-01-24 00:00:00+05:30,3366.4329374751173,3374.8927679681947,3278.8531661989327,3306.249267578125,3258414
2022-01-25 00:00:00+05:30,3304.6274428472343,3339.606700640597,3263.160659611942,3304.97802734375,3330501
2022-01-27 00:00:00+05:30,3270.8754797512975,3272.9794148169553,3178.0356529262563,3199.207275390625,5718297
2022-01-28 00:00:00+05:30,3196.357997928472,3269.823427522156,3196.357997928472,3234.9755859375,3143862
2022-01-31 00:00:00+05:30,3286.6561271537303,3294.546205879893,3262.4598001139984,3275.478515625,2739393
2022-02-01 00:00:00+05:30,3305.0665060239107,3338.3801737238864,3275.6101247605675,3331.9365234375,2105169
2022-02-02 00:00:00+05:30,3355.8248153763957,3387.472874793566,3331.9354168675645,3380.634765625,1984212
2022-02-03 00:00:00+05:30,3376.076514905753,3403.691786320848,3345.436756570653,3352.932373046875,1960538
2022-02-04 00:00:00+05:30,3344.779753663376,3353.020416951561,3304.189639142369,3344.428955078125,2307366
2022-02-07 00:00:00+05:30,3323.476158592303,3359.244554675045,3292.92393788928,3312.9560546875,1919149
2022-02-08 00:00:00+05:30,3323.958452984582,3331.1032714460657,3262.1089644796893,3281.790283203125,2946443
2022-02-09 00:00:00+05:30,3287.532283037312,3312.0353141804735,3284.1133350757727,3296.78125,1638721
2022-02-10 00:00:00+05:30,3322.424339911823,3322.424339911823,3294.5460205082395,3305.373046875,2112459
2022-02-11 00:00:00+05:30,3289.7236967950407,3289.7236967950407,3234.9314966485545,3239.27099609375,3851488
2022-02-14 00:00:00+05:30,3264.739036344995,3325.448804945127,3252.4655813211416,3273.28662109375,5951745
2022-02-15 00:00:00+05:30,3319.0923882775924,3362.049474126932,3285.778729863818,3346.970703125,3931683
2022-02-16 00:00:00+05:30,3369.939766396913,3378.7942723116603,3336.626105855008,3342.8505859375,3256906
2022-02-17 00:00:00+05:30,3353.2832904830248,3362.0500441836343,3312.9562234602226,3317.514892578125,3134372
2022-02-18 00:00:00+05:30,3304.188696273971,3345.348552456705,3294.1946850076283,3326.017822265625,3688883
2022-02-21 00:00:00+05:30,3340.1331732860235,3355.738037741911,3248.5644733234813,3260.706298828125,7465922
2022-02-22 00:00:00+05:30,3199.865036466567,3215.5574396627126,3129.731008270039,3144.1083984375,5408531
2022-02-23 00:00:00+05:30,3165.6744406252515,3176.10679085941,3117.150378194761,3124.29541015625,2426203
2022-02-24 00:00:00+05:30,3045.5706231135828,3054.2059622202823,2972.894311300943,2982.14306640625,5039136
2022-02-25 00:00:00+05:30,3040.3095825862742,3094.6634447893734,3035.049531405329,3086.55419921875,2549723
2022-02-28 00:00:00+05:30,3059.59688152283,3124.2516866839496,3029.7021673541517,3115.87939453125,3288942
2022-03-02 00:00:00+05:30,3114.3889952378754,3131.440286972598,3073.6235938927493,3108.822021484375,2761341
2022-03-03 00:00:00+05:30,3123.4626722767534,3137.27030822549,3094.7515562563644,3107.287841796875,1928039
2022-03-04 00:00:00+05:30,3069.678334491801,3122.015803200218,3057.0104201560107,3089.71044921875,2370257
2022-03-07 00:00:00+05:30,3024.529607717447,3110.4437820815947,3008.354992186932,3055.12548828125,3054130
2022-03-08 00:00:00+05:30,3033.296635322418,3163.92125921347,3033.296635322418,3155.9873046875,3300992
2022-03-09 00:00:00+05:30,3160.414273213555,3203.371360422283,3153.44474778916,3184.610595703125,2719654
2022-03-10 00:00:00+05:30,3229.671882735904,3229.671882735904,3169.1812855836843,3174.3974609375,2005441
2022-03-11 00:00:00+05:30,3158.8800986737456,3190.966498478323,3149.762761674697,3155.28564453125,1623423
2022-03-14 00:00:00+05:30,3138.497485009779,3198.418325678582,3138.497485009779,3193.72802734375,1765688
2022-03-15 00:00:00+05:30,3207.7547500396386,3207.7547500396386,3143.231365819847,3150.68310546875,3651133
2022-03-16 00:00:00+05:30,3191.5359092877884,3215.6444761070206,3170.2765367290112,3205.03662109375,3090475
2022-03-17 00:00:00+05:30,3240.7178727305695,3252.465235677881,3208.8945177799264,3219.80908203125,3600452
2022-03-21 00:00:00+05:30,3240.191872844113,3255.928151498079,3169.1811743321073,3179.438232421875,2413831
2022-03-22 00:00:00+05:30,3191.0981760054083,3253.3421239439754,3177.948046159232,3244.531494140625,2907611
2022-03-23 00:00:00+05:30,3250.7122940367576,3269.823860038966,3234.932137269589,3254.569580078125,1596195
2022-03-24 00:00:00+05:30,3243.6982897623643,3294.720744378706,3239.314913695118,3287.400634765625,1879046
2022-03-25 00:00:00+05:30,3296.2113121317043,3313.394233297543,3219.1516403409387,3250.229736328125,1690133
2022-03-28 00:00:00+05:30,3239.3152410797343,3255.0953965166586,3209.6835730639873,3250.448974609375,1760990
2022-03-29 00:00:00+05:30,3239.0960722012105,3262.985474181719,3235.8085398185717,3248.388916015625,2689063
2022-03-30 00:00:00+05:30,3277.0119341716986,3277.0119341716986,3249.1336196941684,3271.357421875,1583455
2022-03-31 00:00:00+05:30,3278.765556258031,3291.608763532692,3261.4073428596666,3278.7216796875,2168110
2022-04-01 00:00:00+05:30,3285.7788659793814,3298.9289948453606,3268.289237394038,3295.203125,1387014
2022-04-04 00:00:00+05:30,3298.052721967003,3313.8328785314384,3276.223590999029,3305.373046875,1472994
2022-04-05 00:00:00+05:30,3306.8193178283004,3362.5759539750275,3306.8193178283004,3344.341064453125,2314947
2022-04-06 00:00:00+05:30,3339.518997983247,3339.518997983247,3271.0067003079744,3292.222412109375,2051729
2022-04-07 00:00:00+05:30,3283.587089747452,3283.587089747452,3225.28818667224,3229.802978515625,2494829
2022-04-08 00:00:00+05:30,3234.9317871479743,3248.081916364023,3193.2897112971536,3231.1181640625,2296773
2022-04-11 00:00:00+05:30,3234.9316004658776,3254.525377479889,3205.2123957654703,3240.542236328125,2291660
2022-04-12 00:00:00+05:30,3228.795328395622,3277.8891482137474,3198.418612995985,3235.896484375,4483476
2022-04-13 00:00:00+05:30,3249.835329431341,3252.3339396432675,3204.730428159187,3210.341064453125,1621672
2022-04-18 00:00:00+05:30,3164.7978439809913,3164.7978439809913,3088.0887549648314,3092.954345703125,3820792
2022-04-19 00:00:00+05:30,3112.1974330460894,3124.076426618072,3015.0178867422333,3043.72900390625,3170014
2022-04-20 00:00:00+05:30,3068.3634924930943,3128.985502739102,3050.8299868217055,3118.15869140625,2640370
2022-04-21 00:00:00+05:30,3138.4972969699825,3194.6045112174907,3127.4511035521896,3181.1474609375,2280996
2022-04-22 00:00:00+05:30,3139.461809441389,3170.9343651637614,3131.045641465959,3167.033203125,1581465
2022-04-25 00:00:00+05:30,3119.210845865879,3142.00440460464,3097.38171560966,3110.619384765625,1960694
2022-04-26 00:00:00+05:30,3134.245813020245,3145.4234238079243,3084.275317734149,3108.953857421875,1943469
2022-04-27 00:00:00+05:30,3108.691177393066,3128.3724986397983,3073.887204479658,3122.0166015625,1727648
2022-04-28 00:00:00+05:30,3145.5105010164975,3159.8878881508094,3101.7206192059084,3142.266845703125,1703660
2022-04-29 00:00:00+05:30,3153.4007613811887,3176.413485870001,3100.668832593926,3109.303955078125,2051115
2022-05-02 00:00:00+05:30,3085.8092300435665,3110.4000144347265,3062.007581823019,3105.534423828125,1324161
2022-05-04 00:00:00+05:30,3102.1152648596903,3108.2081148301027,3037.9426815850666,3050.610595703125,2305825
2022-05-05 00:00:00+05:30,3078.97133320661,3097.293760926186,3055.5202694917,3080.11083984375,1612262
2022-05-06 00:00:00+05:30,3032.4197764142496,3046.0082431775977,3002.174479424862,3009.275634765625,2010812
2022-05-09 00:00:00+05:30,2978.9426390374124,3029.7898059191575,2934.100783512281,3020.234130859375,2481830
2022-05-10 00:00:00+05:30,3010.5027847828064,3037.504425076492,2999.982681865685,3014.6669921875,1622685
2022-05-11 00:00:00+05:30,3011.379350168065,3023.170588951108,2965.0469796480074,2991.2158203125,1841769
2022-05-12 00:00:00+05:30,2961.409041508169,3024.2666151245353,2936.949887257732,2988.279052734375,2807195
2022-05-13 00:00:00+05:30,3011.3790682062395,3015.6746907256643,2965.0467020243805,2993.7578125,2187823
2022-05-16 00:00:00+05:30,2993.846131183072,3006.996260602617,2951.415132535495,2960.357177734375,1195813
2022-05-17 00:00:00+05:30,2954.3958255321177,3039.4333314895703,2937.212903663973,3025.9326171875,1754076
2022-05-18 00:00:00+05:30,3037.679634808444,3063.9798913868717,3018.4366565516343,3023.4775390625,1866781
2022-05-19 00:00:00+05:30,2978.0656840417078,2985.0790857115144,2831.660924184491,2859.670654296875,4642963
2022-05-20 00:00:00+05:30,2901.795080829601,2905.2140286957065,2866.771947358323,2886.8916015625,3065125
2022-05-23 00:00:00+05:30,2897.2368307029487,2927.131332659906,2864.0984586232075,2912.096435546875,2293690
2022-05-24 00:00:00+05:30,2906.3094565433307,2914.8133764858662,2871.6371265571483,2882.5078125,1711510
2022-05-25 00:00:00+05:30,2906.2058140394383,2906.2058140394383,2783.7035752705465,2795.70654296875,3548046
2022-05-26 00:00:00+05:30,2816.3144857680904,2860.884802763167,2807.0915622767334,2848.043212890625,2813186
2022-05-27 00:00:00+05:30,2871.2111184877385,2893.893396446921,2850.0291844295866,2878.360107421875,3103153
2022-05-30 00:00:00+05:30,2909.867766739501,2988.947061876484,2900.4683710619147,2978.9296875,2094624
2022-05-31 00:00:00+05:30,2960.3075643045477,2986.123046252866,2934.5804266036826,2969.31005859375,4840965
2022-06-01 00:00:00+05:30,2990.1835547216056,2990.1835547216056,2947.8638512257835,2961.23486328125,1493835
2022-06-02 00:00:00+05:30,2961.058003689997,3029.016711971407,2953.379595329582,3021.073486328125,2657939
2022-06-03 00:00:00+05:30,3053.1993941968394,3068.9977170114703,3028.3106631264545,3036.209716796875,1913622
2022-06-06 00:00:00+05:30,3016.6609545987876,3047.551280348044,2980.6074453562023,3028.09033203125,1084210
2022-06-07 00:00:00+05:30,3001.700318334684,3017.4102936266286,2961.940025493663,2967.853271484375,2308256
2022-06-08 00:00:00+05:30,2983.2545900235646,3013.085856009611,2953.555840405617,3004.4365234375,2185707
2022-06-09 00:00:00+05:30,2987.535408261443,3033.429600648325,2959.381172582851,3024.692138671875,1279197
2022-06-10 00:00:00+05:30,2984.8874406978557,2994.5958268148506,2958.410024015143,2965.38232421875,1527582
2022-06-13 00:00:00+05:30,2903.6897309129977,2906.3374723089673,2817.5939634259803,2841.55615234375,3030921
2022-06-14 00:00:00+05:30,2815.4320179906135,2858.5901216693624,2801.9284921763433,2833.569091796875,2611493
2022-06-15 00:00:00+05:30,2840.585800127237,2854.265800096779,2825.1406388713017,2829.818359375,1404536
2022-06-16 00:00:00+05:30,2859.5615134916056,2863.842116144225,2765.1695492197227,2773.068603515625,2032028
2022-06-17 00:00:00+05:30,2728.9392110453464,2752.548242059403,2668.7914294364296,2726.203125,5240434
2022-06-20 00:00:00+05:30,2730.7046930632023,2770.2001794932535,2708.6401755045144,2746.944091796875,1502769
2022-06-21 00:00:00+05:30,2762.4770132167114,2857.575063751568,2758.4170566563466,2834.804443359375,2964461
2022-06-22 00:00:00+05:30,2824.169899477694,2868.8727412761314,2809.2543718174775,2844.513427734375,3336315
2022-06-23 00:00:00+05:30,2844.5130845990975,2928.40241322025,2844.5130845990975,2920.28271484375,3692578
2022-06-24 00:00:00+05:30,2946.9363854703897,2952.2318686428434,2892.657682952741,2906.426025390625,2132118
2022-06-27 00:00:00+05:30,2956.645129771199,2968.0303337828927,2918.2528721159615,2925.489990234375,2037686
2022-06-28 00:00:00+05:30,2918.693980682418,2938.993334040657,2888.333294892649,2928.53466796875,1400046
2022-06-29 00:00:00+05:30,2886.921269341309,2941.6412689436206,2886.921269341309,2904.131591796875,2133994
2022-06-30 00:00:00+05:30,2887.80356241596,2922.135859654931,2872.7996930513295,2883.47900390625,2719603
2022-07-01 00:00:00+05:30,2877.2122604235324,2941.640633126268,2870.1957889568184,2925.842529296875,1502879
2022-07-04 00:00:00+05:30,2923.10716611456,2928.358477983081,2846.3668202921513,2855.192626953125,2622535
2022-07-05 00:00:00+05:30,2872.7996222094107,2887.8034912040525,2830.391584691567,2838.643798828125,2170627
2022-07-06 00:00:00+05:30,2840.5857246748133,2884.71475566246,2826.243789603828,2877.874755859375,2182144
2022-07-07 00:00:00+05:30,2886.921155244726,2929.6379702823137,2881.669843746481,2901.792724609375,1989921
2022-07-08 00:00:00+05:30,2912.5159071400585,2916.9288100296644,2868.3868782439968,2882.022705078125,2136916
2022-07-11 00:00:00+05:30,2829.6856303492573,2846.3223604128075,2741.2952717650173,2748.179443359375,6974600
2022-07-12 00:00:00+05:30,2749.1502289566492,2767.949238860167,2718.568897309372,2722.496337890625,3734815
2022-07-13 00:00:00+05:30,2739.530031365693,2744.825514673745,2678.631973323092,2681.941650390625,3863530
2022-07-14 00:00:00+05:30,2704.285870414756,2705.170780712667,2625.528853900714,2653.624755859375,4764908
2022-07-15 00:00:00+05:30,2671.145950429042,2680.304642138172,2613.140038767697,2649.952392578125,4574806
2022-07-18 00:00:00+05:30,2675.083982462359,2722.824852536626,2667.385305641953,2710.9228515625,3202795
2022-07-19 00:00:00+05:30,2681.322794633056,2724.5948266776545,2681.322794633056,2720.435791015625,1865074
2022-07-20 00:00:00+05:30,2750.1243210138164,2806.8912313215537,2741.496445439905,2800.564208984375,3402251
2022-07-21 00:00:00+05:30,2802.5108691484493,2817.5543439749486,2782.202221341185,2811.62548828125,2420640
2022-07-22 00:00:00+05:30,2818.439281202573,2829.058204711029,2781.7155040691646,2806.050537109375,2075886
2022-07-25 00:00:00+05:30,2800.7407138288713,2819.7219939415763,2786.670728413376,2802.289306640625,1797504
2022-07-26 00:00:00+05:30,2800.4759071723042,2804.1924876537432,2740.1250609391755,2757.292236328125,2639367
2022-07-27 00:00:00+05:30,2756.495720256356,2826.492214850678,2752.0711685384485,2821.846435546875,1389808
2022-07-28 00:00:00+05:30,2845.87173291098,2888.347430417114,2833.1731827603476,2885.250244140625,2106333
2022-07-29 00:00:00+05:30,2911.3553941999835,2935.5134928071825,2898.0817373875216,2921.8857421875,2430257
2022-08-01 00:00:00+05:30,2944.0965166592227,2944.0965166592227,2894.5415407250725,2919.14208984375,1306913
2022-08-02 00:00:00+05:30,2911.3551161729774,2931.6194772211047,2895.1169244727353,2912.947998046875,1269114
2022-08-03 00:00:00+05:30,2902.5057959181763,2963.5646068688943,2899.895353730968,2955.157958984375,2895824
2022-08-04 00:00:00+05:30,2964.449327329786,2997.9873392727095,2926.7079917137826,2968.82958984375,2150567
2022-08-05 00:00:00+05:30,2974.3605869043527,2988.342213462795,2968.874186013526,2977.767578125,1106933
2022-08-08 00:00:00+05:30,2977.72284682971,2990.023012291132,2952.0604508243423,2986.085205078125,1068836
2022-08-10 00:00:00+05:30,2995.4219343929344,2995.4219343929344,2951.176410989789,2968.2109375,1878359
2022-08-11 00:00:00+05:30,3008.6949872169466,3034.091869341709,2986.6165186810267,3028.60546875,1449248
2022-08-12 00:00:00+05:30,3025.5087825812407,3025.5087825812407,2992.1034136012927,3010.067138671875,1472354
2022-08-16 00:00:00+05:30,3018.4290089899623,3021.836000034544,2997.633617107446,3002.235107421875,839942
2022-08-17 00:00:00+05:30,2995.5101354619346,3024.579311059615,2983.121390465737,3009.668701171875,1622326
2022-08-18 00:00:00+05:30,2999.84623743646,3001.6160582255084,2975.068746389787,2992.103271484375,1430659
2022-08-19 00:00:00+05:30,2997.191098780274,3027.7205032408347,2983.253761961322,2996.0849609375,1398410
2022-08-22 00:00:00+05:30,2977.723099317719,2994.6249721231397,2962.1485919354714,2968.475830078125,1536532
2022-08-23 00:00:00+05:30,2937.858358581708,2957.282099442016,2893.657125515155,2906.576904296875,1849256
2022-08-24 00:00:00+05:30,2913.124253838745,2927.282816433344,2876.134965851851,2880.6923828125,1691923
2022-08-25 00:00:00+05:30,2898.9657222217966,2900.868192673767,2844.764974210171,2847.81787109375,1946930
2022-08-26 00:00:00+05:30,2862.0654111458343,2882.1528316395706,2846.579480978904,2851.35791015625,1457962
2022-08-29 00:00:00+05:30,2765.3445191987325,2781.0073873469664,2726.4084683684146,2772.025634765625,2539173
2022-08-30 00:00:00+05:30,2791.8919635030225,2855.1630492052304,2780.476707184959,2841.57958984375,3431525
2022-09-01 00:00:00+05:30,2822.8637492288995,2822.8637492288995,2761.8049408599986,2771.2734375,3546935
2022-09-02 00:00:00+05:30,2798.9717017110593,2798.9717017110593,2761.1860694016937,2770.12353515625,2052900
2022-09-05 00:00:00+05:30,2764.1499566547036,2785.653320032453,2754.0620657083778,2772.77783203125,2147912
2022-09-06 00:00:00+05:30,2774.635895147535,2779.3702510714947,2748.8408495780836,2767.158447265625,1936453
2022-09-07 00:00:00+05:30,2744.9914688760246,2797.9975039888873,2744.9914688760246,2787.11328125,1291534
2022-09-08 00:00:00+05:30,2805.165762065538,2817.1120515885295,2796.405236165702,2804.85595703125,1346113
2022-09-09 00:00:00+05:30,2827.288653494588,2861.357702996792,2803.8385285125514,2847.331787109375,1561185
2022-09-12 00:00:00+05:30,2867.0207070213914,2893.4796538091186,2853.83563037096,2869.7197265625,1785928
2022-09-13 00:00:00+05:30,2887.8603690881314,2887.8603690881314,2853.835612513342,2857.68505859375,1972678
2022-09-14 00:00:00+05:30,2774.193456883954,2779.8567957058763,2755.433403988491,2761.273681640625,5090269
2022-09-15 00:00:00+05:30,2769.769397278171,2776.6274524950736,2743.2220867611272,2747.071533203125,2138023
2022-09-16 00:00:00+05:30,2721.9839467819356,2738.222136392532,2654.73076734259,2662.429443359375,5322221
2022-09-19 00:00:00+05:30,2686.5876194233983,2691.8970811218637,2643.934986987571,2680.21630859375,2072220
2022-09-20 00:00:00+05:30,2698.9759191087755,2725.4789345157833,2681.2777163605215,2690.392333984375,1544295
2022-09-21 00:00:00+05:30,2679.508609959477,2691.366322542929,2653.0939489033167,2655.79296875,2253818
2022-09-22 00:00:00+05:30,2645.8814577649046,2681.23357650881,2636.412961977395,2661.27880859375,2017983
2022-09-23 00:00:00+05:30,2658.2706625916117,2674.6415038891964,2636.1479040813615,2638.846923828125,2652374
2022-09-26 00:00:00+05:30,2619.202394379283,2677.606486588519,2589.3366654086503,2649.77587890625,2925489
2022-09-27 00:00:00+05:30,2663.049279611865,2676.8539683117606,2633.493358577124,2670.1728515625,2227447
2022-09-28 00:00:00+05:30,2637.0326608719206,2698.9320923707896,2637.0326608719206,2686.27783203125,2739767
2022-09-29 00:00:00+05:30,2702.5159210262555,2704.1530914163895,2645.881664658973,2652.341552734375,2493902
2022-09-30 00:00:00+05:30,2646.6340961387687,2672.1636290441115,2610.574000882851,2658.75732421875,2817353
2022-10-03 00:00:00+05:30,2650.3059881706363,2673.0481365801566,2631.7228743971527,2641.41259765625,1763331
2022-10-04 00:00:00+05:30,2681.233674530913,2741.4518581351913,2675.083591718103,2735.39013671875,2145875
2022-10-06 00:00:00+05:30,2752.95574647594,2764.4595795534674,2736.540618376038,2744.947265625,1790816
2022-10-07 00:00:00+05:30,2740.920713753137,2747.6461175593427,2706.143916403556,2712.1611328125,1939879
2022-10-10 00:00:00+05:30,2663.579909971996,2767.1144114559575,2659.1553586265277,2759.636962890625,3064063
2022-10-11 00:00:00+05:30,2743.2220883096206,2783.0430541076635,2701.9411068493428,2716.276611328125,4730645
2022-10-12 00:00:00+05:30,2729.8593410684016,2751.982095675402,2709.6392729831186,2743.88525390625,1665247
2022-10-13 00:00:00+05:30,2743.8855254420205,2752.0709454566427,2701.0559547014504,2746.14208984375,2054781
2022-10-14 00:00:00+05:30,2783.0427033213336,2787.467254518983,2717.5593455961257,2742.469482421875,2245977
2022-10-17 00:00:00+05:30,2726.0569504857917,2775.5183859957915,2724.9923530417946,2760.74658203125,1517005
2022-10-18 00:00:00+05:30,2794.6814538133085,2799.4280629231534,2775.6510472338673,2789.979248046875,1793722
2022-10-19 00:00:00+05:30,2802.6661968962776,2802.6661968962776,2760.967776113079,2769.706787109375,1194289
2022-10-20 00:00:00+05:30,2754.7573332077563,2803.5533568233523,2754.7573332077563,2801.157958984375,1587601
2022-10-21 00:00:00+05:30,2801.601705210383,2803.908296485969,2774.2758872411737,2783.502685546875,1021913
2022-10-24 00:00:00+05:30,2812.5148712912337,2819.523669795726,2799.1180548160846,2805.062255859375,260949
2022-10-25 00:00:00+05:30,2821.7409048142667,2825.067906352721,2795.701486132634,2805.41650390625,2069643
2022-10-27 00:00:00+05:30,2804.1746311987695,2815.974441397047,2780.7970275331877,2801.246826171875,2438421
2022-10-28 00:00:00+05:30,2794.6816049676954,2819.966819488832,2790.245602420128,2806.43701171875,1355739
2022-10-31 00:00:00+05:30,2838.154320749786,2838.154320749786,2819.345713992005,2832.964111328125,1919414
2022-11-01 00:00:00+05:30,2851.9059063577597,2894.580335538735,2842.1022978592464,2892.00732421875,2991060
2022-11-02 00:00:00+05:30,2901.1454132070917,2901.1454132070917,2858.6041958047094,2876.03759765625,1405955
2022-11-03 00:00:00+05:30,2863.927442110941,2863.927442110941,2834.6054240597227,2845.030029296875,1422652
2022-11-04 00:00:00+05:30,2854.1239662115554,2856.8299710167985,2809.0097348143217,2854.478759765625,1464013
2022-11-07 00:00:00+05:30,2864.7698989863147,2877.0133070034576,2834.693894089148,2868.939697265625,1474498
2022-11-09 00:00:00+05:30,2883.2242672806515,2883.2242672806515,2840.5054326659097,2853.28125,1162267
2022-11-10 00:00:00+05:30,2812.4253465751312,2861.221369938422,2812.4253465751312,2844.053955078125,1573092
2022-11-11 00:00:00+05:30,2900.790982443406,2964.669421548433,2887.8821712205927,2941.91259765625,3265394
2022-11-14 00:00:00+05:30,2949.0545182740593,2971.2345311973,2935.746510520115,2959.25732421875,1342074
2022-11-15 00:00:00+05:30,2946.392957532895,2963.205364241237,2920.664142185574,2956.6845703125,1400708
2022-11-16 00:00:00+05:30,2962.273543145715,2988.002356606377,2946.7919383664444,2976.8681640625,1748235
2022-11-17 00:00:00+05:30,2963.249814251922,2980.9938251157064,2943.5096021659624,2971.234619140625,1417986
2022-11-18 00:00:00+05:30,2972.1217536240656,2983.4335602983065,2946.3929384434396,2966.310546875,1164540
2022-11-21 00:00:00+05:30,2947.723621770964,2957.660223917546,2903.8071976091396,2913.122802734375,1304194
2022-11-22 00:00:00+05:30,2910.017533464894,2944.5739483544544,2888.0593218937793,2941.025146484375,1149739
2022-11-23 00:00:00+05:30,2954.3779417550127,2954.3779417550127,2919.777119013738,2935.125732421875,1150011
2022-11-24 00:00:00+05:30,2942.1788211585995,3010.2270599589883,2935.1256201131005,2998.870849609375,1296591
2022-11-25 00:00:00+05:30,3001.3995192741922,3019.454137460019,2970.3474994176754,3007.29931640625,1588981
2022-11-28 00:00:00+05:30,2986.3169628064943,3031.5641895156837,2985.917765891163,3012.267578125,2195437
2022-11-29 00:00:00+05:30,3001.398715580402,3042.2099307493936,3001.398715580402,3014.130126953125,1576028
2022-11-30 00:00:00+05:30,3001.3991290916215,3029.7007368695226,2994.3015254756792,3008.3193359375,3410702
2022-12-01 00:00:00+05:30,3038.662009732611,3087.4580420056895,3034.226006798695,3083.5986328125,2180856
2022-12-02 00:00:00+05:30,3068.0279537907963,3077.6095453413673,3028.0151269724374,3051.21533203125,2411749
2022-12-05 00:00:00+05:30,3045.759170826894,3051.2153670002604,3022.691958930157,3039.4599609375,1475065
2022-12-06 00:00:00+05:30,3016.5256889568245,3023.534485303333,2988.090873517657,3003.48388671875,1166999
2022-12-07 00:00:00+05:30,2988.357896847238,3010.892705993621,2975.6708846388997,2999.2705078125,1167505
2022-12-08 00:00:00+05:30,2980.9933755483976,2999.2697906224844,2962.761363815113,2972.609375,1285619
2022-12-09 00:00:00+05:30,2993.502940359297,2993.502940359297,2906.77910172055,2921.3291015625,1797896
2022-12-12 00:00:00+05:30,2888.281178547479,2924.212798185376,2871.0695757813564,2915.739990234375,1527610
2022-12-13 00:00:00+05:30,2907.5337679534873,2960.10040359305,2899.194168939962,2956.2412109375,1378016
2022-12-14 00:00:00+05:30,2971.0572659898444,2996.0762783549085,2964.048251634688,2985.740478515625,1213311
2022-12-15 00:00:00+05:30,2979.928999146625,2985.2077986532413,2926.829964070142,2932.286376953125,1415694
2022-12-16 00:00:00+05:30,2905.581435939429,2920.6638433931603,2861.3988107840464,2874.751220703125,2703680
2022-12-19 00:00:00+05:30,2862.9962063488224,2879.4094167044013,2834.1621881565893,2840.860595703125,2120965
2022-12-20 00:00:00+05:30,2838.06551085569,2882.514341262833,2806.7916941337708,2878.033935546875,1529971
2022-12-21 00:00:00+05:30,2882.5140757220975,2912.723292412185,2874.529272188241,2899.85888671875,1432566
2022-12-22 00:00:00+05:30,2922.438343612525,2922.438343612525,2879.0543273380003,2892.00732421875,1384101
2022-12-23 00:00:00+05:30,2854.1240352462114,2898.3510672263396,2854.1240352462114,2864.19384765625,1360281
2022-12-26 00:00:00+05:30,2864.1935243545195,2902.9197355304514,2861.265719687228,2885.97412109375,870157
2022-12-27 00:00:00+05:30,2900.4358797986224,2904.5170888075672,2866.9884637094456,2891.830078125,835883
2022-12-28 00:00:00+05:30,2883.2235897763044,2897.6849980443926,2862.1081792316395,2889.7001953125,910795
2022-12-29 00:00:00+05:30,2866.6338503909797,2902.4766668035973,2863.8834419813575,2900.036865234375,1037927
2022-12-30 00:00:00+05:30,2915.384877001168,2926.8740787002876,2880.02985491455,2889.345458984375,1163131
2023-01-02 00:00:00+05:30,2893.160861684784,2898.351071306402,2870.2710452177225,2893.56005859375,709547
2023-01-03 00:00:00+05:30,2885.176105207512,2945.505740863758,2879.2319050146616,2937.83154296875,1245178
2023-01-04 00:00:00+05:30,2933.7060761454604,2952.026897843551,2915.518464493648,2940.75927734375,1231668
2023-01-05 00:00:00+05:30,2954.55550957915,2960.8547207245474,2911.7480789661536,2937.610107421875,1826057
2023-01-06 00:00:00+05:30,2927.7616595191807,2929.136863618989,2839.041609230721,2849.288818359375,2488376
2023-01-09 00:00:00+05:30,2864.7701040885713,2951.715743667599,2857.805494277546,2945.4609375,2885060
2023-01-10 00:00:00+05:30,2914.4535626153415,2925.9871687992077,2865.7463431410715,2915.695556640625,3864655
2023-01-11 00:00:00+05:30,2918.978072067916,2971.677688273483,2902.1654514981055,2953.223876953125,2720512
2023-01-12 00:00:00+05:30,2953.4902075036,2972.1214163824147,2941.5574051372632,2958.23681640625,2250391
2023-01-13 00:00:00+05:30,2965.82207749045,2997.850097998453,2932.1972695723252,2993.902099609375,1742837
2023-01-16 00:00:00+05:30,3009.736136495261,3042.4013462974403,2992.5415773071954,3025.206787109375,1843607
2023-01-17 00:00:00+05:30,3021.5315322541833,3068.533178172047,3013.3652308156584,3065.447998046875,1688475
2023-01-18 00:00:00+05:30,3066.899720858684,3093.167944872854,3059.86762830346,3075.973388671875,2421189
2023-01-19 00:00:00+05:30,3066.900147348573,3073.2517157010698,3049.6601761060806,3060.639404296875,1585044
2023-01-20 00:00:00+05:30,3053.2888494720028,3080.1921826708453,3044.7596913702796,3051.56494140625,1529349
2023-01-23 00:00:00+05:30,3074.1590576682065,3102.2874315724907,3044.760458713778,3098.567138671875,1067916
2023-01-24 00:00:00+05:30,3107.731573201867,3132.1850663852497,3100.7448925102035,3117.98486328125,1387863
2023-01-25 00:00:00+05:30,3108.004009487608,3116.8054244598047,3089.58441638592,3112.041748046875,874110
2023-01-27 00:00:00+05:30,3108.63931095952,3126.7866507783147,3068.987417760483,3095.07421875,1785879
2023-01-30 00:00:00+05:30,3103.1946093031756,3138.082820181694,3071.935865803959,3115.580078125,1953798
2023-01-31 00:00:00+05:30,3129.5082689944597,3129.5082689944597,3040.5863175994305,3047.572998046875,2820375
2023-02-01 00:00:00+05:30,3051.474846428542,3102.2873921912537,3044.2159113195835,3092.6240234375,2205161
2023-02-02 00:00:00+05:30,3109.5463294312503,3147.6557387794014,3103.285586505531,3139.852294921875,1813847
2023-02-03 00:00:00+05:30,3179.413449194556,3179.413449194556,3133.0469144504245,3159.7236328125,1804469
2023-02-06 00:00:00+05:30,3151.4212906880075,3151.4212906880075,3118.4840491186737,3139.444091796875,1138714
2023-02-07 00:00:00+05:30,3147.564931045713,3169.4325618085195,3140.7596793384228,3150.876953125,1455647
2023-02-08 00:00:00+05:30,3155.867395499648,3211.987903653968,3155.867395499648,3194.022216796875,1986946
2023-02-09 00:00:00+05:30,3189.394817614889,3218.9750686870316,3180.5934025370234,3212.850341796875,1655427
2023-02-10 00:00:00+05:30,3193.9311370994983,3214.210873696519,3183.178751905758,3209.85546875,1187821
2023-02-13 00:00:00+05:30,3220.2446805959935,3220.2446805959935,3151.6476638785866,3159.81396484375,1087939
2023-02-14 00:00:00+05:30,3180.320764752124,3198.3320850826603,3171.2470963790797,3175.874755859375,1579818
2023-02-15 00:00:00+05:30,3163.988190351818,3199.3754973273617,3139.625301939381,3194.52099609375,1429449
2023-02-16 00:00:00+05:30,3200.464430117626,3243.8366114938117,3200.283001045783,3228.456787109375,1618931
2023-02-17 00:00:00+05:30,3199.5115640731206,3211.0804915355684,3166.7103407014015,3176.827392578125,1061369
2023-02-20 00:00:00+05:30,3177.5989917656707,3195.746330382265,3153.145497284836,3164.2607421875,1296082
2023-02-21 00:00:00+05:30,3170.340019763293,3183.859698266715,3125.6521989352045,3131.3232421875,1139541
2023-02-22 00:00:00+05:30,3098.61223991111,3127.693390442905,3080.510316377622,3086.45361328125,1218430
2023-02-23 00:00:00+05:30,3104.1023336676694,3132.5935672666674,3092.3065633263427,3097.5693359375,1441570
2023-02-24 00:00:00+05:30,3105.4630497902713,3115.8523559367027,3068.98694665875,3085.45556640625,977592
2023-02-27 00:00:00+05:30,3075.973993457147,3075.973993457147,3008.828838437729,3023.210693359375,1128022
2023-02-28 00:00:00+05:30,3020.170907349562,3077.7887089468877,2994.2201238468547,3005.970703125,4116217
2023-03-01 00:00:00+05:30,3015.1799224204337,3075.066132134472,3007.9209879096416,3072.07177734375,1669307
2023-03-02 00:00:00+05:30,3049.660333125586,3057.735810408069,3010.643554094226,3013.77392578125,1556538
2023-03-03 00:00:00+05:30,3043.3087835694737,3046.9382514091512,3022.5301687973756,3032.556396484375,1043190
2023-03-06 00:00:00+05:30,3050.476405785988,3089.5385914645617,3047.84513063335,3059.5048828125,1334132
2023-03-08 00:00:00+05:30,3052.38227221018,3081.418013206234,3022.30314788213,3076.336669921875,1844590
2023-03-09 00:00:00+05:30,3071.436694206459,3071.436694206459,3022.302869377422,3027.7470703125,1648500
2023-03-10 00:00:00+05:30,3006.0160219446743,3028.1104968302034,2985.2374064188684,3022.439453125,1024404
2023-03-13 00:00:00+05:30,3024.253987560838,3057.6451349988492,2968.9046046501835,2977.932861328125,1901233
2023-03-14 00:00:00+05:30,2976.1634210899015,2998.3030847586924,2912.1032295746863,2917.13916015625,2670334
2023-03-15 00:00:00+05:30,2948.94196949116,2958.3333040655743,2896.3146974202405,2902.575439453125,1780522
2023-03-16 00:00:00+05:30,2910.833062083006,2921.540035980481,2878.1678531568878,2889.963623046875,1901060
2023-03-17 00:00:00+05:30,2858.6595359477537,2922.991763191914,2852.761650855337,2884.791748046875,6739966
2023-03-20 00:00:00+05:30,2876.0356962978067,2876.0356962978067,2808.346251639935,2852.126708984375,2289468
2023-03-21 00:00:00+05:30,2852.1260705389936,2864.330109539051,2810.5232146770777,2818.3720703125,1815297
2023-03-22 00:00:00+05:30,2840.103654549664,2852.307694383167,2818.372262786457,2840.7841796875,1123939
2023-03-23 00:00:00+05:30,2826.357030265614,2854.8938961077,2813.7447191349406,2835.203857421875,1372218
2023-03-24 00:00:00+05:30,2857.207854867612,2876.353387158759,2818.281899216121,2831.438720703125,1329577
2023-03-27 00:00:00+05:30,2844.595047783863,2860.700809218684,2818.2814093833103,2833.071533203125,1524217
2023-03-28 00:00:00+05:30,2837.336265387191,2857.7974330642905,2822.0470446787185,2827.264404296875,1303530
2023-03-29 00:00:00+05:30,2839.151189000426,2858.2058949668713,2816.5578405359793,2848.134033203125,1740616
2023-03-31 00:00:00+05:30,2894.4547893885947,2915.369639228699,2860.0202623245746,2908.92724609375,2382581
2023-04-03 00:00:00+05:30,2926.213225725945,2926.213225725945,2879.7560786247254,2903.574462890625,1521830
2023-04-05 00:00:00+05:30,2890.4174301241856,2961.963403011525,2890.4174301241856,2939.6875,2655065
2023-04-06 00:00:00+05:30,2926.2584116403386,2955.6118210617306,2917.1847421468806,2922.356689453125,1703464
2023-04-10 00:00:00+05:30,2921.721439084615,2968.9045182251125,2917.1846045518755,2961.10107421875,2203187
2023-04-11 00:00:00+05:30,2961.6459717898997,2969.766862364624,2896.4515623853827,2916.09619140625,2348779
2023-04-12 00:00:00+05:30,2928.934840854399,2958.8779475351903,2902.666614298546,2941.36572265625,2417727
2023-04-13 00:00:00+05:30,2912.647998358538,2930.795337912174,2885.426989028085,2893.457275390625,4174070
2023-04-17 00:00:00+05:30,2843.778286560608,2870.3639557398055,2785.842829602675,2848.677978515625,5505048
2023-04-18 00:00:00+05:30,2862.6970030263255,2864.4211329587547,2822.4554160887333,2840.73876953125,2617302
2023-04-19 00:00:00+05:30,2840.738938445051,2849.1320823181222,2786.9774493121377,2803.40087890625,3298034
2023-04-20 00:00:00+05:30,2803.7635533311773,2824.632990783157,2792.875151182318,2817.192626953125,2419999
2023-04-21 00:00:00+05:30,2821.9113255572283,2871.317413624094,2813.5635935937275,2868.051025390625,1929184
2023-04-24 00:00:00+05:30,2859.203944736877,2886.288713952927,2836.564963222924,2880.70849609375,1640676
2023-04-25 00:00:00+05:30,2888.1486870984286,2895.5890509725477,2855.937163883853,2881.797119140625,2024090
2023-04-26 00:00:00+05:30,2886.33376764612,2911.1955291566424,2886.33376764612,2901.89501953125,2000029
2023-04-27 00:00:00+05:30,2889.963448787062,2902.8480138926443,2876.942645737427,2892.64013671875,2434446
2023-04-28 00:00:00+05:30,2903.9373029419803,2928.3001958774908,2900.1718184440097,2921.041259765625,2931312
2023-05-02 00:00:00+05:30,2935.3320146523815,2935.3320146523815,2912.647841432502,2921.177001953125,2321159
2023-05-03 00:00:00+05:30,2918.091971436183,2918.091971436183,2879.2112108808474,2885.3359375,2468285
2023-05-04 00:00:00+05:30,2885.562915352124,2925.7593155131717,2883.6121650210844,2922.356689453125,1953253
2023-05-05 00:00:00+05:30,2921.7209076708314,2943.4977094671353,2912.6926528977965,2931.4296875,1710027
2023-05-08 00:00:00+05:30,2944.405960798404,2953.3436144974826,2931.975077010079,2949.4873046875,928235
2023-05-09 00:00:00+05:30,2951.3018403250803,2992.496211386631,2945.3131298244402,2979.112548828125,1107375
2023-05-10 00:00:00+05:30,2985.2370257955795,3000.2085792684147,2963.505633393064,2982.33349609375,1559987
2023-05-11 00:00:00+05:30,3002.477394443756,3003.112507036917,2968.904815539429,2978.114501953125,1719623
2023-05-12 00:00:00+05:30,2975.3918070815257,2985.2368256484924,2958.015821159296,2970.9912109375,1027479
2023-05-15 00:00:00+05:30,2979.793131841036,2987.0520676067877,2947.445587944961,2953.52490234375,1150390
2023-05-16 00:00:00+05:30,2954.568325172893,2980.700538583309,2949.3509650216433,2956.337646484375,986306
2023-05-17 00:00:00+05:30,2954.341101981148,2976.1633194055926,2901.9860781368707,2911.468017578125,1588815
2023-05-18 00:00:00+05:30,2927.1203769740155,2929.8424778323165,2899.0374140909003,2903.438232421875,1369364
2023-05-19 00:00:00+05:30,2912.6476202870826,2934.878108354694,2906.3414649157826,2924.307373046875,1152449
2023-05-22 00:00:00+05:30,2930.795042732196,3001.9779306569994,2919.0446858597024,2993.131103515625,1333243
2023-05-23 00:00:00+05:30,2999.7549225207754,3019.671581346221,2985.3278776559046,2991.634033203125,1687418
2023-05-24 00:00:00+05:30,2972.5340122132757,3009.9174847895656,2972.5340122132757,2997.3505859375,1016555
2023-05-25 00:00:00+05:30,2988.8662810626047,2999.7546828151094,2964.4582024107794,2988.41259765625,1374917
2023-05-26 00:00:00+05:30,2988.412507533824,3029.380029282114,2986.1440905704612,3020.533203125,1791115
2023-05-29 00:00:00+05:30,3049.4780856271946,3059.6405484820248,3005.198545839996,3012.775146484375,1210372
2023-05-30 00:00:00+05:30,3007.9214578645388,3018.7644486791137,2995.535987530445,3009.01025390625,1344224
2023-05-31 00:00:00+05:30,3002.477347579657,3019.445065861434,2962.689216754016,2984.78369140625,5815424
2023-06-01 00:00:00+05:30,3007.0134904588317,3030.6050265939944,2992.0419386807475,3016.087158203125,1177314
2023-06-02 00:00:00+05:30,3018.1288819067254,3026.884883100638,2991.996673212704,2999.391845703125,2030661
2023-06-05 00:00:00+05:30,3007.9211331260885,3018.8095354179477,2980.7455400443455,2984.23876953125,1861468
2023-06-06 00:00:00+05:30,2976.1629414885047,2984.193225840055,2922.2654451215826,2932.881591796875,2022849
2023-06-07 00:00:00+05:30,2951.664883901062,2975.12040972257,2940.7764797796926,2971.5361328125,1567196
2023-06-08 00:00:00+05:30,2958.9233618921558,2967.089663718905,2933.517089542269,2936.6474609375,1759366
2023-06-09 00:00:00+05:30,2944.405649991978,2948.942484583645,2908.4286402901084,2912.0126953125,1775689
2023-06-12 00:00:00+05:30,2917.1847217996856,2952.934890744503,2913.5552540276176,2946.129638671875,2324605
2023-06-13 00:00:00+05:30,2958.016199521383,2962.5530341832255,2938.961493941644,2943.22607421875,1371928
2023-06-14 00:00:00+05:30,2943.225541035836,2954.2501801820126,2927.0291771422044,2949.894775390625,1658544
2023-06-15 00:00:00+05:30,2966.5772038572727,2968.5424616724295,2934.308902445088,2940.06787109375,2273810
2023-06-16 00:00:00+05:30,2922.426401161454,2924.6201884525344,2884.947676592289,2902.224365234375,4156189
2023-06-19 00:00:00+05:30,2916.0274325126516,2938.7888112904766,2902.315704773564,2934.67529296875,1468186
2023-06-20 00:00:00+05:30,2937.965925601742,2954.877054918367,2926.1281797146307,2950.4892578125,1528452
2023-06-21 00:00:00+05:30,2970.873686560209,2981.294508068641,2947.060946684183,2978.369384765625,1645987
2023-06-22 00:00:00+05:30,2980.0155372495947,2987.008429225919,2952.683582173944,2960.362060546875,1529603
2023-06-23 00:00:00+05:30,2959.2646792263045,2970.3253373650405,2933.5322068110854,2940.114013671875,1119505
2023-06-26 00:00:00+05:30,2929.7387867833627,2937.874321602417,2900.487104668833,2915.70703125,1978803
2023-06-27 00:00:00+05:30,2926.9966398261013,2933.989531286174,2908.988616439213,2922.74609375,863542
2023-06-28 00:00:00+05:30,2932.4813906976683,2953.460288680506,2919.1352202864086,2939.29150390625,1575872
2023-06-30 00:00:00+05:30,2943.45074854266,3025.721111079567,2938.057558489853,3018.63671875,2672406
2023-07-03 00:00:00+05:30,3029.652116561972,3033.7656350496386,2988.0141236800587,2991.25927734375,1687264
2023-07-04 00:00:00+05:30,3007.4387624925753,3030.2916406270174,2995.8295450348064,3024.669921875,1656681
2023-07-05 00:00:00+05:30,3034.861912495592,3043.08894780055,3021.150186987329,3034.816162109375,1453008
2023-07-06 00:00:00+05:30,3022.567048714725,3042.58607828234,3018.4077807602575,3037.5126953125,1848238
2023-07-07 00:00:00+05:30,3018.407748906473,3068.592573451774,3018.407748906473,3043.3173828125,1789326
2023-07-10 00:00:00+05:30,3039.2040404212626,3039.2040404212626,2984.7684440589132,2990.938720703125,1407431
2023-07-11 00:00:00+05:30,3012.009187727315,3012.009187727315,2980.7464966348984,2991.35009765625,1110172
2023-07-12 00:00:00+05:30,2999.1655048447924,3006.661203060888,2970.9651915603636,2979.92333984375,1515240
2023-07-13 00:00:00+05:30,3001.9539636829727,3078.23682351536,2991.6701688926455,3053.647216796875,4585146
2023-07-14 00:00:00+05:30,3075.997202974214,3222.1185858228855,3064.113707093481,3212.79443359375,6306101
2023-07-17 00:00:00+05:30,3208.54353407701,3245.016631990213,3178.423490549753,3191.815185546875,2743228
2023-07-18 00:00:00+05:30,3177.4638059447752,3221.341326855405,3167.408540736089,3196.523193359375,2600090
2023-07-19 00:00:00+05:30,3199.402849087036,3214.8057777866934,3149.7206041471604,3172.025146484375,2405370
2023-07-20 00:00:00+05:30,3164.7397137292182,3188.3850365382523,3149.1134749520647,3174.087890625,1715404
2023-07-21 00:00:00+05:30,3119.7851016890736,3148.058749845472,3078.5429555507294,3087.0205078125,3770223
2023-07-24 00:00:00+05:30,3098.6601948694906,3128.400322648771,3090.503503615186,3111.261962890625,1680132
2023-07-25 00:00:00+05:30,3113.7818228908627,3122.305243933692,3097.926465252558,3115.2939453125,1272980
2023-07-26 00:00:00+05:30,3116.3936267423246,3135.181712531565,3102.3253851989666,3105.349853515625,1066803
2023-07-27 00:00:00+05:30,3111.444818744401,3126.750192106114,3102.3716364305046,3113.23193359375,1701769
2023-07-28 00:00:00+05:30,3102.3265043709425,3110.2999428073504,3052.8359190722626,3075.1982421875,2599831
2023-07-31 00:00:00+05:30,3083.445773087776,3140.4974033773265,3080.2380509028217,3135.731689453125,2743678
2023-08-01 00:00:00+05:30,3129.82077565577,3171.0629235048214,3129.82077565577,3163.77685546875,1956167
2023-08-02 00:00:00+05:30,3148.1051402709095,3158.598932219096,3128.538164171697,3153.3291015625,1914899
2023-08-03 00:00:00+05:30,3134.4030555367062,3146.546576146607,3086.7454652186043,3116.02734375,2026351
2023-08-04 00:00:00+05:30,3117.2189097618743,3181.1442369080387,3117.2189097618743,3155.986572265625,2248493
2023-08-07 00:00:00+05:30,3165.5179892112346,3196.7245913979227,3153.8785837580563,3193.1044921875,1853889
2023-08-08 00:00:00+05:30,3193.1046070343086,3198.5118213655774,3167.9469415813505,3180.77783203125,1634225
2023-08-09 00:00:00+05:30,3175.5537398295282,3177.4784629540836,3139.0316598474765,3173.354248046875,1794589
2023-08-10 00:00:00+05:30,3161.89766861704,3175.5533110759743,3143.6136964143225,3154.657470703125,1096701
2023-08-11 00:00:00+05:30,3150.9916746844083,3177.1573459356628,3128.90412489908,3160.798095703125,1679974
2023-08-14 00:00:00+05:30,3153.3744607157764,3166.480343065744,3126.1546889138212,3161.760498046875,1190425
2023-08-16 00:00:00+05:30,3161.897503714278,3176.561376195272,3148.333376918771,3169.595947265625,1328445
2023-08-17 00:00:00+05:30,3166.480118927022,3171.795817712279,3128.1707054438275,3148.837646484375,1843241
2023-08-18 00:00:00+05:30,3125.238323326548,3125.238323326548,3076.205991860868,3085.9208984375,2526749
2023-08-21 00:00:00+05:30,3093.1610227918177,3125.009125174637,3090.4115463271137,3117.58544921875,1375579
2023-08-22 00:00:00+05:30,3116.0733417327847,3126.1547554854496,3084.0419855146843,3099.7138671875,1222012
2023-08-23 00:00:00+05:30,3105.0751943785403,3117.9060836115095,3094.0772893217095,3114.46923828125,1330046
2023-08-24 00:00:00+05:30,3123.404911307284,3128.0332409176435,3096.0018884704064,3104.845947265625,1152881
2023-08-25 00:00:00+05:30,3093.1608694129627,3103.0590289456754,3070.4776897039346,3098.934814453125,1158046
2023-08-28 00:00:00+05:30,3110.5742740278224,3110.5742740278224,3079.5052804737493,3093.6650390625,1037485
2023-08-29 00:00:00+05:30,3098.706033975188,3106.4962177667344,3083.9962892417298,3094.215087890625,944517
2023-08-30 00:00:00+05:30,3114.2403672286305,3123.4970275682554,3100.5388541540133,3107.779052734375,1188200
2023-08-31 00:00:00+05:30,3116.9898661423113,3132.020248209701,3064.428950759541,3076.48095703125,3417652
2023-09-01 00:00:00+05:30,3084.9123589907613,3105.9916769517795,3076.4806765569438,3097.010009765625,1277950
2023-09-04 00:00:00+05:30,3095.909906860191,3146.1795814387087,3088.6238403734937,3133.02783203125,1828332
2023-09-05 00:00:00+05:30,3134.403121092921,3159.148408891023,3120.7931233027793,3142.972412109375,1501842
2023-09-06 00:00:00+05:30,3147.233781222262,3156.3069632511065,3114.3318052761847,3143.47607421875,1314818
2023-09-07 00:00:00+05:30,3144.3007997158566,3171.0623213768904,3136.510617712474,3166.708984375,1885092
2023-09-08 00:00:00+05:30,3166.709380330092,3175.645178451275,3148.1962843578217,3154.47412109375,1518917
2023-09-11 00:00:00+05:30,3172.8957923205735,3194.6166113129034,3157.3154259226967,3189.98828125,1783604
2023-09-12 00:00:00+05:30,3200.390598540652,3290.1150908255845,3192.14216916297,3281.775146484375,4476016
2023-09-13 00:00:00+05:30,3272.884849162415,3289.152583049449,3248.9643171569232,3269.90625,1754929
2023-09-14 00:00:00+05:30,3271.922733688605,3297.2636512739155,3249.514546133057,3262.7578125,2604721
2023-09-15 00:00:00+05:30,3269.906579718022,3306.1080193423236,3264.9573878973515,3297.813720703125,2952897
2023-09-18 00:00:00+05:30,3281.0875035527256,3317.05981755895,3276.6882968344953,3305.0078125,1395753
2023-09-20 00:00:00+05:30,3281.0418390696896,3322.283985091515,3281.0418390696896,3304.91650390625,1649396
2023-09-21 00:00:00+05:30,3288.8780136079395,3303.9542650181074,3233.3843680953905,3285.8994140625,2004073
2023-09-22 00:00:00+05:30,3284.7083015199296,3330.3037920334946,3267.340817723151,3302.71728515625,1989083
2023-09-25 00:00:00+05:30,3301.6628521719144,3317.701464222715,3261.474583332011,3278.4296875,1238778
2023-09-26 00:00:00+05:30,3269.6774954186676,3294.743421558143,3240.716253874933,3286.265869140625,1726062
2023-09-27 00:00:00+05:30,3290.2069294635417,3312.202741805359,3258.7712029077657,3289.5654296875,1541134
2023-09-28 00:00:00+05:30,3299.371940605782,3301.938163532405,3232.7888713611383,3241.40380859375,1755753
2023-09-29 00:00:00+05:30,3241.816024498274,3270.4564045061975,3212.8091371274368,3233.934326171875,2243791
2023-10-03 00:00:00+05:30,3239.0664965379606,3239.0664965379606,3189.484405708049,3220.416015625,1948148
2023-10-04 00:00:00+05:30,3195.166351915829,3251.7138679466116,3186.9179232767315,3242.31982421875,1788138
2023-10-05 00:00:00+05:30,3257.2129980061186,3321.3674464755695,3254.646775316749,3289.611083984375,2990768
2023-10-06 00:00:00+05:30,3291.123104883123,3331.402887606666,3276.5051007551597,3318.984375,2075691
2023-10-09 00:00:00+05:30,3340.659739733684,3371.7746033230796,3327.782980338707,3334.519287109375,4233074
2023-10-10 00:00:00+05:30,3336.0774205452512,3343.3634886605696,3300.609217759891,3325.8583984375,1848148
2023-10-11 00:00:00+05:30,3345.1964946926682,3345.1964946926682,3303.954346127964,3308.445068359375,2426417
2023-10-12 00:00:00+05:30,3276.4596095114603,3288.969638519313,3242.6411368893027,3246.719482421875,4241281
2023-10-13 00:00:00+05:30,3235.2169715692426,3278.2920983861704,3230.6345112695694,3272.65576171875,2890357
2023-10-16 00:00:00+05:30,3268.210219412382,3276.137785098518,3225.2268374355767,3229.763427734375,1671104
2023-10-17 00:00:00+05:30,3235.2172879726013,3239.0206408921194,3210.792861687819,3214.183837890625,1672065
2023-10-18 00:00:00+05:30,3217.8035511758235,3228.526463289023,3193.058266105545,3196.036865234375,1408245
2023-10-19 00:00:00+05:30,3187.9971019140276,3194.750838771474,3171.8250136242077,3175.270751953125,1514545
2023-10-20 00:00:00+05:30,3170.4464472402333,3215.562733635809,3164.6117987679113,3211.014404296875,1481211
2023-10-23 00:00:00+05:30,3191.2135626827485,3196.6807567158576,3125.3310816509666,3133.462890625,1106272
2023-10-25 00:00:00+05:30,3115.4067623155947,3147.1075537327565,3103.185832642016,3115.039306640625,1518537
2023-10-26 00:00:00+05:30,3094.77804861371,3099.9695373079862,3059.8152499157113,3066.017578125,1984471
2023-10-27 00:00:00+05:30,3078.1927983487076,3089.219160611449,3066.2475725640707,3079.065673828125,1108851
2023-10-30 00:00:00+05:30,3078.1931563450225,3108.377916282555,3063.261622377677,3104.4267578125,910972
2023-10-31 00:00:00+05:30,3123.2170073341836,3123.2170073341836,3078.2386842955907,3095.42138671875,999811
2023-11-01 00:00:00+05:30,3082.787259328347,3098.0404842339485,3042.3572624846965,3060.412841796875,1563475
2023-11-02 00:00:00+05:30,3071.9442177455426,3102.036995503541,3071.9442177455426,3087.47314453125,1245384
2023-11-03 00:00:00+05:30,3107.596275079441,3113.017479853767,3072.9551669090106,3079.01953125,1402598
2023-11-06 00:00:00+05:30,3101.164735498253,3117.0611210828984,3086.4629174929278,3105.98876953125,1099852
2023-11-07 00:00:00+05:30,3103.9208626386717,3127.9490531184615,3092.894500782051,3096.9833984375,1191144
2023-11-08 00:00:00+05:30,3097.902737223406,3125.92807790879,3096.156986061027,3107.183349609375,992899
2023-11-09 00:00:00+05:30,3115.0395198974807,3116.32583917985,3070.88807990428,3075.849853515625,2112352
2023-11-10 00:00:00+05:30,3067.1664696398684,3075.8496851503864,3052.786345097661,3062.985595703125,1338557
2023-11-13 00:00:00+05:30,3083.706405724332,3083.706405724332,3057.059359906094,3061.240234375,1030990
2023-11-15 00:00:00+05:30,3108.6072962449807,3136.081226043034,3083.7519929067357,3128.087158203125,2059802
2023-11-16 00:00:00+05:30,3151.7478830543773,3242.991076076638,3137.183806430668,3214.046875,3951984
2023-11-17 00:00:00+05:30,3214.047043797082,3238.534668324732,3209.1770219858477,3218.273681640625,2021292
2023-11-20 00:00:00+05:30,3207.9823552979888,3247.1717958060967,3207.9823552979888,3234.0322265625,1475621
2023-11-21 00:00:00+05:30,3234.032472119512,3251.9043245816342,3216.9415191317103,3225.39501953125,1807236
2023-11-22 00:00:00+05:30,3216.0229120050813,3246.023721722861,3198.656478013036,3243.7265625,1798051
2023-11-23 00:00:00+05:30,3243.588309420206,3256.4523990326375,3216.022403107853,3223.60302734375,2729804
2023-11-24 00:00:00+05:30,3210.738962666845,3220.2033021073066,3172.835841192993,3176.603271484375,1989733
2023-11-28 00:00:00+05:30,3176.6032484945686,3198.793713354985,3154.458547345828,3188.59423828125,1689195
2023-11-29 00:00:00+05:30,3198.564199448039,3232.562152731457,3193.7861535827024,3228.656982421875,1441634
2023-11-30 00:00:00+05:30,3215.516570825656,3231.3209768843953,3198.5635854845677,3204.628173828125,3266235
2023-12-01 00:00:00+05:30,3216.022623635975,3231.5973169040535,3206.8799756151684,3226.727294921875,1172141
2023-12-04 00:00:00+05:30,3257.0495189763487,3259.9440736924166,3214.184625072852,3227.462158203125,1625213
2023-12-05 00:00:00+05:30,3250.9392307206267,3250.9392307206267,3218.595278718338,3245.05859375,1377656
2023-12-06 00:00:00+05:30,3245.977524530947,3319.7163257375805,3239.131811495445,3311.67626953125,1896572
2023-12-07 00:00:00+05:30,3312.503193839517,3335.980203089425,3300.282263403626,3321.599853515625,1967653
2023-12-08 00:00:00+05:30,3338.231512592795,3349.257875970475,3309.792728580914,3332.442626953125,1641155
2023-12-11 00:00:00+05:30,3328.9510957657126,3356.608981927736,3321.6921625154027,3347.328369140625,1102503
2023-12-12 00:00:00+05:30,3343.698474230384,3398.324867473977,3336.3935538659134,3374.158935546875,2236866
2023-12-13 00:00:00+05:30,3347.92535555113,3353.851980623107,3273.910851221953,3301.982177734375,3850968
2023-12-14 00:00:00+05:30,3335.474966606875,3379.5804207107676,3333.2697836344564,3369.70263671875,3290396
2023-12-15 00:00:00+05:30,3369.196944540151,3579.8464140417323,3369.196944540151,3547.732177734375,8531230
2023-12-18 00:00:00+05:30,3545.0672656351603,3610.21459633512,3519.384852021619,3546.077880859375,2521612
2023-12-19 00:00:00+05:30,3533.030208580236,3542.310819797178,3482.4927153495696,3506.56689453125,2004435
2023-12-20 00:00:00+05:30,3516.7206581730966,3582.4653925926305,3460.9456833906206,3473.350341796875,2586083
2023-12-21 00:00:00+05:30,3451.481071849861,3497.837691229688,3439.6278222609985,3480.195556640625,1517562
2023-12-22 00:00:00+05:30,3491.681648797071,3533.903385973376,3456.7648323091003,3513.734375,2413058
2023-12-26 00:00:00+05:30,3509.9209580263773,3522.9227872920933,3482.6305316170315,3487.592529296875,1285231
2023-12-27 00:00:00+05:30,3490.7623226413975,3508.4044563995803,3462.2775550704887,3501.972412109375,1293976
2023-12-28 00:00:00+05:30,3513.7343014406606,3526.598391456395,3484.422643209007,3491.589599609375,1682889
2023-12-29 00:00:00+05:30,3484.330624106451,3512.4479388122318,3459.888763645509,3485.616943359375,1574996
2024-01-01 00:00:00+05:30,3482.4934776896175,3521.085753695677,3466.872794544308,3501.881591796875,825907
2024-01-02 00:00:00+05:30,3501.880811283447,3501.880811283447,3461.5885566534093,3476.244384765625,1344068
2024-01-03 00:00:00+05:30,3461.358834441872,3465.8154121881867,3387.8957418477744,3392.21435546875,1803075
2024-01-04 00:00:00+05:30,3401.403300159602,3417.253697114489,3354.770972886529,3369.2890625,3598144
2024-01-05 00:00:00+05:30,3376.8236872126063,3443.6710132655903,3376.685947407125,3434.6201171875,1963127
2024-01-08 00:00:00+05:30,3434.6198437984353,3436.319831034353,3374.4342835516945,3379.855712890625,1067805
2024-01-09 00:00:00+05:30,3408.9376626935145,3447.8976104439284,3383.944619877953,3390.514404296875,1370944
2024-01-10 00:00:00+05:30,3390.60701233699,3426.6724121294633,3388.7692849590294,3411.786865234375,1292227
2024-01-11 00:00:00+05:30,3421.8480181412583,3466.8723341694326,3406.2273370702587,3432.4609375,1777909
2024-01-12 00:00:00+05:30,3535.7869314092995,3588.3918695130374,3511.5290234837503,3567.763427734375,6813450
2024-01-15 00:00:00+05:30,3638.6994092857612,3643.293726721728,3569.784647746258,3587.059326171875,2801505
2024-01-16 00:00:00+05:30,3582.649169426814,3582.649169426814,3542.724590950909,3548.008056640625,1432672
2024-01-17 00:00:00+05:30,3509.1401811238566,3592.7107828856997,3503.213555613641,3569.417724609375,3458696
2024-01-18 00:00:00+05:30,3581.7301691267776,3591.6539404750943,3548.6510808536727,3585.95703125,2239110
2024-01-19 00:00:00+05:30,3650.1704325122582,3667.334143476537,3622.4587908841813,3648.3662109375,2941975
2024-01-23 00:00:00+05:30,3608.5336236676276,3639.9000178846713,3555.5622006022504,3569.90380859375,2618854
2024-01-24 00:00:00+05:30,3590.028183123641,3593.4053099998555,3521.1885578051592,3554.68310546875,2657709
2024-01-25 00:00:00+05:30,3552.9255546655963,3572.4487396640056,3496.299372735665,3525.537841796875,2205154
2024-01-29 00:00:00+05:30,3516.747365220146,3534.512408586967,3498.288373082006,3516.932373046875,1646747
2024-01-30 00:00:00+05:30,3522.899862568521,3560.2343923222415,3503.978240197422,3516.515625,1411621
2024-01-31 00:00:00+05:30,3526.3701277133873,3547.4662161180863,3512.7224681704183,3530.76513671875,2459358
2024-02-01 00:00:00+05:30,3534.512397161187,3613.0673074626943,3520.679730209892,3566.110107421875,2363107
2024-02-02 00:00:00+05:30,3585.4484682920206,3686.626068543693,3582.62636463885,3669.87890625,2826510
2024-02-05 00:00:00+05:30,3685.3304940687767,3721.415829059659,3665.9925459315737,3676.35546875,1691523
2024-02-06 00:00:00+05:30,3698.2841625693227,3839.7570890882835,3691.807307643632,3826.89599609375,4474396
2024-02-07 00:00:00+05:30,3842.625585823318,3844.4761158429774,3769.4833416173137,3778.22705078125,2124267
2024-02-08 00:00:00+05:30,3784.333664594337,3847.2516815117974,3780.6789132023487,3825.137939453125,2345173
2024-02-09 00:00:00+05:30,3827.4047101937194,3872.0026633870466,3793.586455555742,3824.76806640625,2100596
2024-02-12 00:00:00+05:30,3821.344040674974,3848.7319720992136,3798.721133132417,3812.7392578125,1013716
2024-02-13 00:00:00+05:30,3817.1347639781625,3858.355139973566,3776.4691855640554,3839.38720703125,1257415
2024-02-14 00:00:00+05:30,3800.063437499442,3807.372940800221,3746.8606988444094,3793.67919921875,1391283
2024-02-15 00:00:00+05:30,3819.4935079493257,3836.425674906847,3777.8565874411574,3796.547119140625,1091582
2024-02-16 00:00:00+05:30,3805.846426237156,3837.9533038448403,3793.679281317608,3819.771484375,1307556
2024-02-19 00:00:00+05:30,3814.913891310595,3819.7715328328027,3751.9497852480945,3797.1025390625,772291
2024-02-20 00:00:00+05:30,3777.024253238986,3791.7358760164275,3710.3125580346205,3729.419189453125,1193648
2024-02-21 00:00:00+05:30,3713.0887558057943,3759.6759428133064,3683.110257654341,3693.195556640625,1885939
2024-02-22 00:00:00+05:30,3674.2270417559253,3788.9135847979874,3674.2270417559253,3781.650390625,2982052
2024-02-23 00:00:00+05:30,3821.3441609716992,3821.3441609716992,3743.9919224643445,3749.26611328125,2538072
2024-02-26 00:00:00+05:30,3734.3697062923115,3747.3234168691433,3685.0993428482916,3702.03173828125,1379284
2024-02-27 00:00:00+05:30,3700.13463275584,3815.792754559911,3700.13463275584,3797.657470703125,2960475
2024-02-28 00:00:00+05:30,3789.5158192500803,3844.3838587518662,3783.408979255798,3811.120849609375,1939225
2024-02-29 00:00:00+05:30,3792.661177462347,3828.8391287714094,3760.785843874876,3789.052734375,3772719
2024-03-01 00:00:00+05:30,3800.248387556673,3830.5968972344103,3781.37284701895,3788.358642578125,2043265
2024-03-04 00:00:00+05:30,3798.212743964883,3810.148571852321,3771.287442681426,3775.728759765625,1749271
2024-03-05 00:00:00+05:30,3758.426493294637,3760.277023325801,3682.554762016902,3712.255859375,2070859
2024-03-06 00:00:00+05:30,3695.5545795520343,3767.678938412685,3662.6150564319732,3760.554443359375,1744204
2024-03-07 00:00:00+05:30,3761.2025416983934,3815.7931812949996,3735.94275989253,3801.544189453125,2688905
2024-03-11 00:00:00+05:30,3783.408436385448,3842.62539405937,3783.408436385448,3814.26611328125,2304068
2024-03-12 00:00:00+05:30,3814.2664465597413,3913.825055706045,3813.0633309281457,3878.9423828125,4039801
2024-03-13 00:00:00+05:30,3890.738906694855,3924.0484431136456,3823.1019521087987,3838.924072265625,2837260
2024-03-14 00:00:00+05:30,3843.042734226779,3909.2452752732484,3780.633418879643,3893.145751953125,2919608
2024-03-15 00:00:00+05:30,3879.2660947342424,3922.198299993149,3864.8318705051624,3903.92431640625,3373143
2024-03-18 00:00:00+05:30,3900.22346730838,3936.7714364581766,3810.1027425981874,3842.1630859375,1526904
2024-03-19 00:00:00+05:30,3748.4801929387972,3754.725732291426,3670.1565934893065,3680.056884765625,8931209
2024-03-20 00:00:00+05:30,3688.1063577395266,3717.714838283346,3664.2344751221162,3674.134765625,1817913
2024-03-21 00:00:00+05:30,3691.853615815909,3708.8320928330704,3652.946177836041,3676.031494140625,3829582
2024-03-22 00:00:00+05:30,3605.7575597198484,3643.6934231913683,3566.8964312856083,3618.61865234375,5852485
2024-03-26 00:00:00+05:30,3585.401925358136,3651.7433816109683,3582.1171893830456,3587.715087890625,3440925
2024-03-27 00:00:00+05:30,3597.892800149196,3603.907022394527,3543.209550606818,3553.85009765625,1968575
2024-03-28 00:00:00+05:30,3562.362596208228,3622.4121997880625,3553.4799625251735,3586.6044921875,4311783
2024-04-01 00:00:00+05:30,3606.4056375645764,3639.345164591727,3597.476919948952,3624.031982421875,1569676
2024-04-02 00:00:00+05:30,3599.2807871740365,3617.6473874613553,3583.5512824485972,3593.544189453125,2142666
2024-04-03 00:00:00+05:30,3563.195519200383,3683.4799693421774,3563.195519200383,3652.298583984375,3973090
2024-04-04 00:00:00+05:30,3678.7608856605966,3727.5686125865695,3641.148955174128,3704.11328125,3394637
2024-04-05 00:00:00+05:30,3680.7037704380537,3702.9101280274235,3664.511634695805,3681.8603515625,1636819
2024-04-08 00:00:00+05:30,3685.3305954282823,3731.269913572256,3664.049499848355,3675.66162109375,2302538
2024-04-09 00:00:00+05:30,3686.2556199419873,3715.725399430203,3631.711295443335,3651.6044921875,1876992
2024-04-10 00:00:00+05:30,3660.7181984660388,3691.992199302218,3625.1881143494634,3686.85693359375,2101965
2024-04-12 00:00:00+05:30,3674.227501678795,3713.412566777605,3650.6332429800264,3702.35546875,4354821
2024-04-15 00:00:00+05:30,3702.3552035360053,3760.4618895048175,3626.1597679097335,3646.654296875,4200329
2024-04-16 00:00:00+05:30,3610.383902806716,3635.088432257424,3574.159869690793,3583.3662109375,3051420
2024-04-18 00:00:00+05:30,3587.067257661961,3641.8428983525378,3562.270111447477,3573.373291015625,3476284
2024-04-19 00:00:00+05:30,3551.1669511103,3564.6296015885387,3516.8395304016394,3540.248779296875,2957749
2024-04-22 00:00:00+05:30,3550.2416494950344,3588.177512833397,3527.1100255082283,3575.779052734375,1728883
2024-04-23 00:00:00+05:30,3587.2989749852045,3603.9074377672014,3572.0784098044014,3585.12451171875,1807586
2024-04-24 00:00:00+05:30,3599.280651690822,3606.6827712829886,3538.6294891035577,3544.736328125,1317312
2024-04-25 00:00:00+05:30,3526.370283464037,3584.1530434445426,3526.1852756240714,3564.30615234375,2856271
2024-04-26 00:00:00+05:30,3567.035004385664,3587.0671256561996,3518.36620460651,3535.76123046875,2039178
2024-04-29 00:00:00+05:30,3551.167204410655,3587.9927979834483,3533.772176573303,3580.960693359375,1110693
2024-04-30 00:00:00+05:30,3582.6262194890505,3591.647553590295,3525.2597872554966,3535.11376953125,2203078
2024-05-02 00:00:00+05:30,3495.6975726397995,3581.7935283890847,3495.6975726397995,3574.576416015625,2491044
2024-05-03 00:00:00+05:30,3599.419220737888,3602.6115654122227,3513.7861335226567,3556.1630859375,2962234
2024-05-06 00:00:00+05:30,3565.046167455169,3645.497916789637,3565.046167455169,3628.010498046875,2053831
2024-05-07 00:00:00+05:30,3637.0320722300075,3689.9571903631777,3621.0249409444073,3681.58349609375,2062112
2024-05-08 00:00:00+05:30,3664.9749773275407,3686.5336988437207,3644.2491299192034,3679.73291015625,1247685
2024-05-09 00:00:00+05:30,3665.8998971640367,3674.2272820894473,3617.8324260235386,3664.234375,1726486
2024-05-10 00:00:00+05:30,3666.455044025797,3676.632958650121,3594.7007007453585,3602.88916015625,1672489
2024-05-13 00:00:00+05:30,3594.191910496532,3659.423093323152,3580.7755679293546,3652.76123046875,931326
2024-05-14 00:00:00+05:30,3641.8433125575157,3650.910955415098,3601.964297715039,3609.64404296875,1058317
2024-05-15 00:00:00+05:30,3612.696924421978,3633.469076951638,3585.8642414130813,3590.39794921875,1115021
2024-05-16 00:00:00+05:30,3626.466275520861,3643.6148000120916,3582.1034617844925,3635.646240234375,2599399
2024-05-17 00:00:00+05:30,3652.468379966117,3653.4003698563865,3569.5212797321324,3573.342529296875,2765804
2024-05-21 00:00:00+05:30,3570.0807713951167,3583.2683380913763,3550.9283325337988,3560.387939453125,1908117
2024-05-22 00:00:00+05:30,3574.1814679044273,3580.0064051076615,3557.91828874032,3571.385498046875,1311168
2024-05-23 00:00:00+05:30,3579.7270181408007,3639.4210243679117,3565.3278178538917,3628.656494140625,2095742
2024-05-24 00:00:00+05:30,3614.490023562313,3619.6626132920987,3582.8490102673554,3587.6953125,1309452
2024-05-27 00:00:00+05:30,3592.8213842320465,3642.5431408365193,3580.099811979568,3585.412109375,1841538
2024-05-28 00:00:00+05:30,3595.617400940856,3606.8012808815743,3569.5216810791803,3578.748291015625,1801993
2024-05-29 00:00:00+05:30,3587.136417003768,3587.136417003768,3541.5621945153166,3544.9638671875,1568095
2024-05-30 00:00:00+05:30,3520.126111198893,3536.342645636951,3462.7620831275535,3482.0078125,2919230
2024-05-31 00:00:00+05:30,3485.642279161951,3494.7758258285726,3405.258149060957,3421.288330078125,10956800
2024-06-03 00:00:00+05:30,3478.9323423009814,3496.407154925521,3444.6350645492275,3451.019287109375,2156773
2024-06-04 00:00:00+05:30,3448.3629237466353,3490.3024728192295,3347.2420109827135,3462.3427734375,3395997
2024-06-05 00:00:00+05:30,3463.274759262659,3526.4637252968946,3448.3629196102897,3491.65380859375,2799670
2024-06-06 00:00:00+05:30,3523.8540736442465,3578.748191817024,3487.0404698598118,3569.894287109375,4328036
2024-06-07 00:00:00+05:30,3576.3254140192635,3648.7409943773578,3576.3254140192635,3629.12255859375,4552445
2024-06-10 00:00:00+05:30,3630.101057972248,3640.259657979909,3580.6122978489143,3596.269775390625,1734661
2024-06-11 00:00:00+05:30,3583.5014325459897,3616.0744364710417,3579.7734726681783,3590.11865234375,1419898
2024-06-12 00:00:00+05:30,3610.901897932011,3628.7029976160984,3567.145013751887,3571.059326171875,2177001
2024-06-13 00:00:00+05:30,3594.498879632959,3625.4409004223003,3590.0252823719024,3614.396728515625,1932323
2024-06-14 00:00:00+05:30,3624.50915875349,3624.50915875349,3567.6577679887782,3571.432373046875,1860730
2024-06-18 00:00:00+05:30,3565.8402543844654,3580.7054488326035,3536.9485654428177,3555.635009765625,1774045
2024-06-19 00:00:00+05:30,3567.331580370277,3573.1101006391245,3534.991571536935,3543.146484375,1509050
2024-06-20 00:00:00+05:30,3537.834111884448,3550.835327141292,3522.9689165897294,3529.67919921875,2846526
2024-06-21 00:00:00+05:30,3566.7258928791084,3614.071032548509,3539.7448266543074,3551.5810546875,4642195
2024-06-24 00:00:00+05:30,3549.7166737784796,3594.6851882543083,3533.4534948795167,3557.21923828125,1702154
2024-06-25 00:00:00+05:30,3557.4058326486897,3585.97123515531,3534.9447826173177,3577.39697265625,1338808
2024-06-26 00:00:00+05:30,3583.035348485668,3603.9584772724033,3579.7733836736766,3593.613525390625,1639845
2024-06-27 00:00:00+05:30,3570.453701121453,3673.9045914436874,3558.4311210986525,3666.58837890625,4526556
2024-06-28 00:00:00+05:30,3651.3507071067693,3690.680642180252,3632.7575508940217,3638.62890625,2731571
2024-07-01 00:00:00+05:30,3619.8489271393464,3729.54409757546,3619.8489271393464,3707.642333984375,2658723
2024-07-02 00:00:00+05:30,3721.9950911331453,3749.768209134794,3711.696556855965,3744.17626953125,2307449
2024-07-03 00:00:00+05:30,3746.599693233403,3752.2849230860397,3686.0203449597284,3695.5732421875,1821198
2024-07-04 00:00:00+05:30,3727.8200122814974,3772.089533953604,3711.2771910250785,3747.48486328125,2518001
2024-07-05 00:00:00+05:30,3737.2798920275045,3752.8907244942034,3716.776112071244,3738.95751953125,1668616
2024-07-08 00:00:00+05:30,3748.4639170826727,3757.0848248979423,3707.503000592041,3721.62255859375,1758882
2024-07-09 00:00:00+05:30,3713.9800499344306,3734.437184375931,3704.753440197671,3714.446044921875,1305801
2024-07-10 00:00:00+05:30,3712.768224604405,3731.035318178022,3636.6246931184464,3643.288330078125,2669716
2024-07-11 00:00:00+05:30,3663.652449012925,3709.319956009016,3630.6600961977388,3656.848876953125,4872189
2024-07-12 00:00:00+05:30,3709.3201197843787,3914.31149788065,3701.2118524670477,3899.399658203125,13509164
2024-07-15 00:00:00+05:30,3947.630166106164,3951.637541017052,3874.3287896416814,3885.65283203125,4848030
2024-07-16 00:00:00+05:30,3888.2626518177226,3909.2788462981134,3863.0056293878547,3894.274169921875,2029521
2024-07-18 00:00:00+05:30,3877.07751062824,4030.8558253526776,3877.07751062824,4022.04833984375,5613364
2024-07-19 00:00:00+05:30,4033.1187635646565,4071.7461454391314,4003.085786003565,4019.1064453125,3903354
2024-07-22 00:00:00+05:30,4016.8182908544136,4035.501383022473,3984.1694048386576,4005.0478515625,1896386
2024-07-23 00:00:00+05:30,4000.9840761992705,4074.502224282176,3985.383512221981,4019.06005859375,2365208
2024-07-24 00:00:00+05:30,4005.1882129331457,4053.3906859171716,3987.065703265684,4022.70361328125,1809793
2024-07-25 00:00:00+05:30,4012.193563837478,4057.0329796847886,3992.7633327556937,4037.8828125,2810342
2024-07-26 00:00:00+05:30,4063.5733026110693,4131.252999034249,4051.4758157293513,4098.93115234375,3552210
2024-07-29 00:00:00+05:30,4124.29225913021,4139.23873164348,4083.18945971872,4092.62451171875,1746803
2024-07-30 00:00:00+05:30,4101.966837292173,4108.412413563533,4042.3674931307814,4077.912353515625,1797906
2024-07-31 00:00:00+05:30,4063.5732408497443,4123.359146002476,4058.9024670096874,4096.595703125,2330091
2024-08-01 00:00:00+05:30,4109.71966219366,4128.309247535578,4077.6313604093743,4107.5712890625,2202244
2024-08-02 00:00:00+05:30,4077.584417636473,4108.411516326508,3988.8397395894017,4001.0302734375,2811282
2024-08-05 00:00:00+05:30,3959.8811983653177,3959.8811983653177,3839.8423368437457,3881.458740234375,2787771
2024-08-06 00:00:00+05:30,3896.312359784595,3977.8638749268666,3886.8303255725164,3896.5458984375,2203067
2024-08-07 00:00:00+05:30,3949.605404089638,3965.439506030656,3905.046049978384,3923.86962890625,1237666
2024-08-08 00:00:00+05:30,3905.7004295419442,3953.342314714544,3886.083182706168,3897.806640625,2441283
2024-08-09 00:00:00+05:30,3939.330079568338,3973.566755574024,3928.63382658957,3950.306396484375,1302536
2024-08-12 00:00:00+05:30,3951.4740446269975,3959.8814362113103,3910.698286669118,3919.3857421875,936912
2024-08-13 00:00:00+05:30,3935.593585790649,3955.210833666653,3907.5689459677865,3920.6005859375,1495593
2024-08-14 00:00:00+05:30,3931.8568963353414,4022.6569101782006,3912.379680783193,4012.427734375,3226545
2024-08-16 00:00:00+05:30,4063.5727056513274,4135.50261331458,4040.3123462174317,4125.2734375,3457058
2024-08-19 00:00:00+05:30,4129.898300368005,4198.325138301042,4101.266547462351,4194.35498046875,2055210
2024-08-20 00:00:00+05:30,4208.366092318441,4264.415363248319,4203.69531974095,4225.4609375,2212298
2024-08-21 00:00:00+05:30,4220.510508211579,4259.745001647808,4196.736091046363,4251.8046875,1896990
2024-08-22 00:00:00+05:30,4259.744931072301,4260.63256038501,4201.080205263111,4205.56396484375,1829872
2024-08-23 00:00:00+05:30,4203.69523653677,4209.300163518819,4161.658284171403,4169.97216796875,1809253
2024-08-26 00:00:00+05:30,4193.420300556836,4252.412076557385,4189.683681888486,4205.98486328125,1844164
2024-08-27 00:00:00+05:30,4208.366896981085,4213.037670451652,4191.365099096131,4201.03369140625,930697
2024-08-28 00:00:00+05:30,4202.527534326139,4262.079883381608,4163.806648056847,4209.3466796875,1848058
2024-08-29 00:00:00+05:30,4166.329721782055,4256.008567811444,4166.329721782055,4214.71875,2133641
2024-08-30 00:00:00+05:30,4203.694960798106,4289.870707494467,4192.2980942301265,4253.90576171875,3637222
2024-09-02 00:00:00+05:30,4274.691845760554,4285.901701999436,4214.905945819847,4223.35986328125,1216500
2024-09-03 00:00:00+05:30,4223.359782095085,4255.915163522401,4199.86588340543,4215.23291015625,1717263
2024-09-04 00:00:00+05:30,4182.163638580721,4191.551709902781,4144.563915753981,4184.31201171875,1265505
2024-09-05 00:00:00+05:30,4185.946301664735,4202.761082613176,4160.864162190618,4181.22900390625,1688793
2024-09-06 00:00:00+05:30,4179.361098385194,4221.398054814522,4147.646367693666,4163.29345703125,1649179
2024-09-09 00:00:00+05:30,4161.658218912157,4194.587164415334,4138.771434094347,4156.56689453125,1184938
2024-09-10 00:00:00+05:30,4149.935671573333,4241.015753552719,4148.0673621993965,4211.029296875,1385591
2024-09-11 00:00:00+05:30,4223.733271206021,4249.7960919167,4176.838530358877,4184.4052734375,1325919
2024-09-12 00:00:00+05:30,4213.270346969656,4234.14879133681,4139.518666509012,4220.22998046875,2742216
2024-09-13 00:00:00+05:30,4231.720269890206,4247.600897834605,4208.366405266087,4224.8076171875,1458786
2024-09-16 00:00:00+05:30,4228.918357687261,4246.713822399725,4198.511804432986,4216.07373046875,1155120
2024-09-17 00:00:00+05:30,4216.0732990838,4237.138303114714,4171.934493703706,4208.9736328125,1699364
2024-09-18 00:00:00+05:30,4200.939159511675,4200.939159511675,4036.4814481994267,4059.975341796875,2961779
2024-09-19 00:00:00+05:30,4100.985338817707,4131.018774987293,3999.863100420091,4013.268310546875,2927551
2024-09-20 00:00:00+05:30,4032.651980992276,4045.5435884044587,3949.1386493323726,4002.759033203125,5447908
2024-09-23 00:00:00+05:30,4016.8643432631484,4025.645304322396,3972.9590818367838,3987.4384765625,1702319
2024-09-24 00:00:00+05:30,3971.6979102794116,4008.4569812801697,3960.8151015213048,3990.053955078125,3012026
2024-09-25 00:00:00+05:30,3972.352129245545,4007.149385684038,3960.815229509036,3993.277099609375,2713073
2024-09-26 00:00:00+05:30,3979.4983756188117,4032.558171508336,3979.4983756188117,4009.8583984375,3964251
2024-09-27 00:00:00+05:30,4049.560271516411,4089.7289201150743,4016.9113851451907,4024.9921875,3012477
2024-09-30 00:00:00+05:30,4004.6268281076473,4015.696650140107,3979.544688598688,3987.4384765625,2503416
2024-10-01 00:00:00+05:30,3975.3412878081467,4012.89448387877,3963.571305160189,4005.561279296875,1823365
2024-10-03 00:00:00+05:30,3981.9275753897014,3997.247619935326,3932.7909511399207,3954.04296875,3350119
2024-10-04 00:00:00+05:30,3946.803804637894,4014.9971011440634,3945.916175176468,3972.259521484375,2965463
2024-10-07 00:00:00+05:30,3992.483121251643,4014.295721663981,3950.913242930845,3991.50244140625,1472619
2024-10-08 00:00:00+05:30,3991.2690982560466,3997.6211671843516,3927.1394751787057,3973.193115234375,1541867
2024-10-09 00:00:00+05:30,3979.4982044862704,4012.193612269608,3967.0741319806543,3972.91259765625,1082504
2024-10-10 00:00:00+05:30,3973.1931542704974,4011.119923228477,3922.1416952982436,3949.045166015625,2378875
2024-10-11 00:00:00+05:30,3870.2024438892004,3962.6372224848437,3841.6642037825386,3875.994384765625,5759183
2024-10-14 00:00:00+05:30,3867.4000169266274,3891.1274523744905,3850.772247615099,3864.2705078125,2137590
2024-10-15 00:00:00+05:30,3859.039242334843,3895.378221785948,3825.3631508944272,3845.7275390625,2759474
2024-10-16 00:00:00+05:30,3816.02185696404,3844.0464972844616,3799.3938580942354,3825.316650390625,2359151
2024-10-17 00:00:00+05:30,3841.990767054733,3858.0118829761873,3823.447935515133,3838.441162109375,2522659
2024-10-18 00:00:00+05:30,3830.013212330735,3882.593864616222,3820.6488768482636,3860.962158203125,2361000
2024-10-21 00:00:00+05:30,3869.905415130514,3876.788293233767,3811.2845829224775,3820.508544921875,1595450
2024-10-22 00:00:00+05:30,3807.538671802041,3829.8258351822333,3751.6805040836334,3760.248779296875,1928049
2024-10-23 00:00:00+05:30,3745.359744124965,3852.0660735451916,3741.192431901251,3807.77294921875,1966476
2024-10-24 00:00:00+05:30,3749.480254699009,3819.712776952362,3749.480254699009,3790.589599609375,2676744
2024-10-25 00:00:00+05:30,3799.1580039005003,3831.8863126796623,3776.3557541640885,3799.626220703125,1759676
2024-10-28 00:00:00+05:30,3810.3010511703237,3871.216096182637,3793.492115538428,3830.80908203125,1532534
2024-10-29 00:00:00+05:30,3835.4915508341114,3842.655176236552,3802.0140505171976,3816.200927734375,1445885
2024-10-30 00:00:00+05:30,3815.966681601265,3845.9325549291766,3801.967045880175,3825.003173828125,1935002
2024-10-31 00:00:00+05:30,3811.284820930421,3819.0572656752893,3708.2771230674366,3716.18994140625,3740372
2024-11-01 00:00:00+05:30,3736.22946325371,3744.7508713227357,3723.306634635094,3730.9384765625,154895
2024-11-04 00:00:00+05:30,3714.176311035008,3738.148871941436,3664.498467142464,3712.162841796875,2269192
2024-11-05 00:00:00+05:30,3690.578160049064,3732.623932770423,3690.578160049064,3718.9052734375,967590
2024-11-06 00:00:00+05:30,3749.1052415175327,3886.0115444872176,3722.5572604185204,3876.5068359375,3792017
2024-11-07 00:00:00+05:30,3904.6469723028927,3938.451856070285,3825.377738858535,3887.041748046875,3724349
2024-11-08 00:00:00+05:30,3890.8813609023655,3904.6937556251837,3855.90547671498,3883.389892578125,1648039
2024-11-11 00:00:00+05:30,3865.785145970524,3965.140379367605,3855.9054977183528,3931.8037109375,1406487
2024-11-12 00:00:00+05:30,3948.0036922969543,3949.8765593236603,3899.6369927808482,3930.5859375,1587640
2024-11-13 00:00:00+05:30,3912.5133765547907,3929.9777720182447,3868.4539006426844,3886.52734375,1098813
2024-11-14 00:00:00+05:30,3872.1523417749772,3895.5631781823226,3854.7816840578857,3882.359375,1825432
2024-11-18 00:00:00+05:30,3945.1945196123975,3945.1945196123975,3736.557080351516,3763.99462890625,3313944
2024-11-19 00:00:00+05:30,3764.369206895897,3869.48387485758,3758.9380751010713,3782.770263671875,1776233
2024-11-21 00:00:00+05:30,3787.779869251299,3832.3073290355883,3768.208500051012,3813.953369140625,2384347
2024-11-22 00:00:00+05:30,3812.2211691072102,3984.4783119791628,3796.301797976082,3974.7861328125,3096553
2024-11-25 00:00:00+05:30,4007.935292636629,4052.977834453394,3981.902624801247,4040.80419921875,4052167
2024-11-26 00:00:00+05:30,4046.376402042447,4089.0312287410247,4036.0289932053224,4076.014892578125,2060669
2024-11-27 00:00:00+05:30,4081.8672312002336,4099.144155960028,4049.185334306465,4057.14501953125,1558993
2024-11-28 00:00:00+05:30,4044.456964095816,4064.0754321048016,3963.923669603517,3975.067138671875,2558544
2024-11-29 00:00:00+05:30,3951.748969125617,4025.446460996744,3928.946724265144,3999.36669921875,2017425
2024-12-02 00:00:00+05:30,3998.5713921173747,4015.614666194075,3961.1606876475703,4004.798583984375,1670944
2024-12-03 00:00:00+05:30,4040.1019779033772,4050.074903268622,3994.3104710236757,4029.2392578125,2010905
2024-12-04 00:00:00+05:30,4039.353040657334,4108.0876338534845,4016.41041706955,4077.6064453125,3302642
2024-12-05 00:00:00+05:30,4121.056227615031,4203.649842480739,4082.849924975723,4180.28564453125,3746747
2024-12-06 00:00:00+05:30,4169.938779273809,4181.175982361904,4132.247327249158,4162.91552734375,1842087
2024-12-09 00:00:00+05:30,4148.822244241094,4185.296057017253,4134.869018418065,4169.142578125,2066639
2024-12-10 00:00:00+05:30,4144.795490622383,4208.145132266229,4131.638781428679,4150.78857421875,2087828
2024-12-11 00:00:00+05:30,4150.132911276676,4165.864811228231,4126.8624472810225,4146.0126953125,1635256
2024-12-12 00:00:00+05:30,4148.447573795295,4199.904784091783,4144.6552005329395,4171.76513671875,1914642
2024-12-13 00:00:00+05:30,4153.035954959239,4209.17486922556,4115.063301994309,4189.509765625,1967048
2024-12-16 00:00:00+05:30,4175.557602741771,4190.540540988883,4117.498717034216,4134.5419921875,1646224
2024-12-17 00:00:00+05:30,4129.671871841429,4151.1632042757365,4043.519986986687,4053.3525390625,3225027
2024-12-18 00:00:00+05:30,4037.6209173556795,4084.723344320789,4016.9256434427375,4071.472900390625,1575404
2024-12-19 00:00:00+05:30,4009.808901420312,4086.5964609524153,3991.0802283637017,4000.350830078125,3015763
2024-12-20 00:00:00+05:30,4053.8209309249955,4103.45191021329,3888.5404055592617,3905.208740234375,4116989
2024-12-23 00:00:00+05:30,3933.0675361336625,3948.940267652302,3853.3303110561437,3893.971435546875,2195338
2024-12-24 00:00:00+05:30,3893.971643595964,3949.876912235315,3893.971643595964,3913.82421875,1181886
2024-12-26 00:00:00+05:30,3913.8242672999845,3932.9745174938084,3879.7848141774207,3904.08544921875,1208464
2024-12-27 00:00:00+05:30,3898.372975186565,3915.1821407656116,3883.624146371002,3900.10546875,858100
2024-12-30 00:00:00+05:30,3887.135698411994,3932.3652563563705,3850.6147896579423,3894.439697265625,1527169
2024-12-31 00:00:00+05:30,3872.1528852838974,3876.7884144403706,3775.7470931508838,3834.50830078125,1555429
2025-01-01 00:00:00+05:30,3834.1334768483284,3871.216337275171,3825.752442210114,3851.036376953125,763161
2025-01-02 00:00:00+05:30,3858.106087323385,3917.1013988528443,3836.521477668905,3910.312255859375,1720835
2025-01-03 00:00:00+05:30,3914.2454689148967,3914.2454689148967,3832.1669338378674,3839.28369140625,1791953
2025-01-06 00:00:00+05:30,3844.5283541165863,3885.8718083589506,3807.9137069144963,3834.69580078125,2085593
2025-01-07 00:00:00+05:30,3853.3772072331085,3877.16252664447,3756.549846323289,3772.235107421875,2669054
2025-01-08 00:00:00+05:30,3778.415783789389,3863.724974901958,3762.3560392419636,3847.24365234375,2181277
2025-01-09 00:00:00+05:30,3840.314247847898,3874.728183134026,3769.4262690508385,3782.114990234375,2392472
2025-01-10 00:00:00+05:30,3933.021270136816,4023.8553328042613,3904.92826106441,3994.498046875,7894300
2025-01-13 00:00:00+05:30,3975.1606417511357,4048.1558239473816,3958.6793189021128,4018.330322265625,4003771
2025-01-14 00:00:00+05:30,4028.537000624965,4039.680468057699,3950.8596572903593,3963.9697265625,3441709
2025-01-15 00:00:00+05:30,3949.8771112539193,3985.8831677707726,3939.99791920476,3979.468505859375,1653474
2025-01-16 00:00:00+05:30,3989.2068293675015,4021.0455693202,3925.3889758814885,3938.920166015625,2637705
2025-01-17 00:00:00+05:30,3967.148790924069,3967.8165423249693,3910.071878467617,3933.1982421875,1761466
2025-01-20 00:00:00+05:30,3953.70197855909,3953.70197855909,3879.6025285384753,3888.85302734375,1287799
2025-01-21 00:00:00+05:30,3905.542231174273,3920.514717096685,3843.2678934321675,3848.846923828125,1971591
2025-01-22 00:00:00+05:30,3862.3409864324167,3970.2480248109573,3856.8096861084223,3964.001708984375,2409223
2025-01-23 00:00:00+05:30,3974.87360036335,3997.1417593700044,3948.218491564728,3953.36865234375,1822998
2025-01-24 00:00:00+05:30,3913.839443095865,3984.410622138042,3913.839443095865,3959.94921875,1910099
2025-01-27 00:00:00+05:30,3911.93144531806,3963.763199603187,3853.805645566754,3876.788818359375,1551782
2025-01-28 00:00:00+05:30,3882.1775882750967,3911.9318748383976,3841.6468460321344,3853.0908203125,2468272
2025-01-29 00:00:00+05:30,3866.155848644477,3917.5107746444246,3866.155848644477,3909.83349609375,1217089
2025-01-30 00:00:00+05:30,3909.9288208062503,3938.5387545651533,3870.447205350259,3910.07177734375,1531251
2025-01-31 00:00:00+05:30,3919.5609078155994,3937.1562032629076,3895.9577125678047,3921.849609375,1492943
2025-02-01 00:00:00+05:30,3922.422326938359,3944.261152184611,3868.0634471339617,3884.418701171875,437172
2025-02-03 00:00:00+05:30,3844.1261184510477,3888.0901447868278,3813.4181682881867,3880.126953125,1265713
2025-02-04 00:00:00+05:30,3894.479875194974,3928.0013238151814,3877.647789023421,3916.747802734375,2547132
2025-02-05 00:00:00+05:30,3957.707610233867,3957.707610233867,3887.136438388733,3901.536865234375,1693912
2025-02-06 00:00:00+05:30,3915.1738927290917,3947.6939432135873,3863.8192024122486,3893.573486328125,2284536
2025-02-07 00:00:00+05:30,3900.4879649829604,3900.4879649829604,3822.287472775478,3842.69580078125,1548940
2025-02-10 00:00:00+05:30,3852.804719489709,3864.248693904035,3828.34331731039,3849.89599609375,1339511
2025-02-11 00:00:00+05:30,3832.2053307443857,3852.8045770599656,3771.743094621823,3779.89697265625,1810908
2025-02-12 00:00:00+05:30,3787.097133023103,3835.400146101803,3757.5810309224153,3767.11767578125,1678002
2025-02-13 00:00:00+05:30,3784.140776452309,3799.828511079361,3721.437334907012,3728.97119140625,2277310
2025-02-14 00:00:00+05:30,3743.132923471687,3765.067205571011,3719.29131249416,3752.526611328125,1681975
2025-02-17 00:00:00+05:30,3677.807112211271,3751.7161103174226,3677.520966298114,3723.5830078125,1799806
2025-02-18 00:00:00+05:30,3717.765943674978,3742.561223009311,3685.436807212675,3693.733642578125,2149879
2025-02-19 00:00:00+05:30,3692.7799162903398,3695.402493868423,3593.551070815755,3608.76220703125,4366672
2025-02-20 00:00:00+05:30,3587.2087965043847,3612.480904202741,3577.4814657672678,3604.279296875,2888572
2025-02-21 00:00:00+05:30,3601.1327887262482,3640.1375755636514,3600.0836645933414,3610.573974609375,1833931
2025-02-24 00:00:00+05:30,3569.7091569360205,3588.8301766028944,3499.9486923438976,3505.289306640625,2508516
2025-02-25 00:00:00+05:30,3457.033582981813,3488.5045093924064,3453.457341344246,3461.372802734375,4101954
2025-02-27 00:00:00+05:30,3444.3501806796594,3469.431604706493,3433.8598707149063,3445.160888671875,3823856
2025-02-28 00:00:00+05:30,3418.8396891547936,3433.1923872281636,3296.818356291045,3321.85205078125,7085018
2025-03-03 00:00:00+05:30,3323.5204647090454,3359.9981283460957,3315.0804415597713,3331.197509765625,4990439
2025-03-04 00:00:00+05:30,3313.03059628982,3386.462765522496,3303.780096861225,3368.390869140625,2797737
2025-03-05 00:00:00+05:30,3357.7098367858857,3433.526166541638,3357.7098367858857,3382.69580078125,2501894
2025-03-06 00:00:00+05:30,3392.1842483477326,3442.203899231017,3372.252755650945,3434.7177734375,2786513
2025-03-07 00:00:00+05:30,3433.192051502639,3457.0336629714075,3408.778148227326,3443.873046875,2051315
2025-03-10 00:00:00+05:30,3439.391117760303,3454.2683775177134,3416.5986286887846,3423.32177734375,1004626
2025-03-11 00:00:00+05:30,3393.1385193645992,3422.4637047132396,3373.7313523521616,3409.636962890625,1995450
2025-03-12 00:00:00+05:30,3399.8140462677893,3403.8671205164956,3325.2852564493496,3343.738525390625,3174167
2025-03-13 00:00:00+05:30,3340.019205205493,3360.999824081682,3322.662557973568,3348.36376953125,1693004
2025-03-17 00:00:00+05:30,3327.3354895121856,3366.86483705381,3316.225391054831,3335.63232421875,2690906
2025-03-18 00:00:00+05:30,3335.63232421875,3335.63232421875,3335.63232421875,3335.63232421875,0
2025-03-19 00:00:00+05:30,3382.648317013776,3382.648317013776,3302.302074919496,3335.060546875,3051244
2025-03-20 00:00:00+05:30,3349.269955275429,3413.1177513936286,3349.269955275429,3398.0498046875,2845192
2025-03-21 00:00:00+05:30,3313.984460385846,3448.6895841353426,3304.447814456678,3412.307373046875,4161925
2025-03-24 00:00:00+05:30,3433.1919980242437,3480.636804108051,3401.339698729423,3460.800537109375,1834751
2025-03-25 00:00:00+05:30,3476.106891643813,3538.095080383689,3469.4312405487494,3488.26611328125,3135390
2025-03-26 00:00:00+05:30,3478.7294955586594,3509.9620062788417,3457.8443372465335,3467.333251953125,1734499
2025-03-27 00:00:00+05:30,3447.354210516991,3493.2730630548403,3443.2056768112207,3482.019775390625,2528474
2025-03-28 00:00:00+05:30,3481.829074680501,3491.3179898494645,3425.467409839091,3439.05712890625,2051919
2025-04-01 00:00:00+05:30,3407.1571321951615,3417.933587672838,3361.667381848982,3386.27197265625,2618493
2025-04-02 00:00:00+05:30,3379.7869876031436,3398.955737182192,3366.4834143953553,3379.7392578125,1764313
2025-04-03 00:00:00+05:30,3329.242651246095,3339.732960373482,3238.7874835027424,3245.463134765625,4537821
2025-04-04 00:00:00+05:30,3206.7925383276747,3242.1256239661316,3142.80155330537,3146.520751953125,5317367
2025-04-07 00:00:00+05:30,2956.3598667283995,3138.8911537557533,2914.446359699624,3122.34521484375,6623955
2025-04-08 00:00:00+05:30,3149.0480694302546,3193.8225734236476,3104.46425178094,3140.36962890625,5557558
2025-04-09 00:00:00+05:30,3109.4708094407843,3118.4828923346345,3063.2180815269526,3096.167236328125,2990265
2025-04-11 00:00:00+05:30,3137.1271167444256,3146.0914699537143,3057.44840084302,3081.766845703125,7108961
2025-04-15 00:00:00+05:30,3160.825412160961,3160.825412160961,3088.537831919463,3097.69287109375,3512160
2025-04-16 00:00:00+05:30,3097.6927866639667,3126.207493109741,3079.382475986214,3122.106689453125,2384391
2025-04-17 00:00:00+05:30,3095.1183505924305,3150.5263550376844,3068.8925750135395,3146.0439453125,2932346
2025-04-21 00:00:00+05:30,3137.651464694997,3198.590529231532,3131.92947805952,3167.69189453125,2432946
2025-04-22 00:00:00+05:30,3168.6454296577595,3179.4216511188765,3142.3241990774454,3160.8251953125,2710498
2025-04-23 00:00:00+05:30,3209.081037662751,3262.390790001095,3182.6645776182195,3254.85693359375,3543923
2025-04-24 00:00:00+05:30,3243.5082751937634,3254.379956863419,3230.7290317834236,3243.985107421875,2252175
2025-04-25 00:00:00+05:30,3261.532502141187,3316.65435532197,3247.2275350265327,3288.235107421875,2742991
2025-04-28 00:00:00+05:30,3275.8372119799983,3297.580806852235,3247.2272799976404,3283.943359375,1593296
2025-04-29 00:00:00+05:30,3294.910725384157,3333.05730397037,3271.4504864223404,3311.599853515625,1578332
2025-04-30 00:00:00+05:30,3311.123250052752,3347.2670426291115,3210.0348098149666,3293.671142578125,2809332
2025-05-02 00:00:00+05:30,3311.123194312883,3329.7196523454577,3261.532639559349,3272.02294921875,1721761
2025-05-05 00:00:00+05:30,3290.1426041887753,3342.1173206897283,3286.7093187748424,3294.243408203125,1284443
2025-05-06 00:00:00+05:30,3299.678955078125,3312.076592770615,3277.7446730067963,3299.678955078125,1324763
2025-05-07 00:00:00+05:30,3262.104703449532,3299.202157339632,3262.104703449532,3285.469482421875,1477128
2025-05-08 00:00:00+05:30,3288.2350568363695,3315.89132616591,3269.8292861996833,3289.09326171875,2543591
2025-05-09 00:00:00+05:30,3241.505698660658,3286.518617372084,3240.6474937252347,3280.89208984375,2531757
2025-05-12 00:00:00+05:30,3342.5939426230407,3462.278832722667,3339.923635561146,3452.646728515625,2228678
2025-05-13 00:00:00+05:30,3452.646757336565,3455.1263780922163,3347.8391251152984,3352.130615234375,3062887
2025-05-14 00:00:00+05:30,3357.8528260686357,3395.999407449705,3346.0274789718064,3384.269287109375,2119499
2025-05-15 00:00:00+05:30,3398.8602651386764,3433.192187008764,3351.272499900048,3414.0234375,3548330
2025-05-16 00:00:00+05:30,3427.37472311883,3427.37472311883,3381.789746684424,3396.285400390625,1666727
2025-05-19 00:00:00+05:30,3385.508677753182,3385.508677753182,3341.353968714305,3355.75439453125,2537377
2025-05-20 00:00:00+05:30,3368.1525972918466,3393.138562626365,3332.1040297404493,3336.204833984375,2038374
2025-05-21 00:00:00+05:30,3345.4551448560997,3373.1114160079887,3336.2046455537043,3362.430419921875,1440153
2025-05-22 00:00:00+05:30,3333.057563261702,3335.727870536118,3291.3824694798463,3315.8916015625,2034383
2025-05-23 00:00:00+05:30,3315.891148544555,3371.203684240725,3305.0194674183217,3351.7490234375,1274331
2025-05-26 00:00:00+05:30,3357.8526831208233,3380.7406309750972,3347.457833268305,3373.3974609375,967470
2025-05-27 00:00:00+05:30,3368.3430118958113,3375.972327891045,3321.708911006242,3336.5859375,2467680
2025-05-28 00:00:00+05:30,3356.8990894476624,3365.482070074091,3331.1501475683763,3335.63232421875,1222933
2025-05-29 00:00:00+05:30,3342.3082066867746,3368.820128574258,3324.951557897849,3336.01416015625,3188072
2025-05-30 00:00:00+05:30,3328.2892004179307,3344.2153514588645,3293.0990724903722,3302.921630859375,3404365
2025-06-02 00:00:00+05:30,3290.1425906350296,3299.679235825276,3260.197617868956,3289.951904296875,1877585
2025-06-03 00:00:00+05:30,3286.3280169725485,3312.5537919193694,3242.936280242354,3247.41845703125,2848125
2025-06-04 00:00:00+05:30,3260.6957796433117,3266.2762443041534,3242.415101032151,3252.90234375,2544807
2025-06-05 00:00:00+05:30,3279.9384360226436,3279.9384360226436,3236.353404838992,3243.473388671875,3584683
2025-06-06 00:00:00+05:30,3243.473730125776,3262.5239346599506,3231.5430403786086,3256.07763671875,2070390
2025-06-09 00:00:00+05:30,3271.27954690969,3303.992342378787,3262.5239694574043,3292.350341796875,1718678
2025-06-10 00:00:00+05:30,3309.7651599636156,3353.8312663403485,3293.601143598204,3331.798095703125,2419874
2025-06-11 00:00:00+05:30,3338.629301432497,3356.909980604606,3318.5206483022603,3340.457275390625,2847013
2025-06-12 00:00:00+05:30,3340.4572389790806,3343.1512807546196,3293.6010193282204,3304.1845703125,4060134
2025-06-13 00:00:00+05:30,3264.7368639985107,3319.8675914563746,3264.7368639985107,3315.249267578125,2178493
2025-06-16 00:00:00+05:30,3309.7650089781714,3376.152737355931,3296.487416323079,3363.93359375,1934088
2025-06-17 00:00:00+05:30,3377.114961112031,3386.736371257649,3356.04416685221,3382.21435546875,2111940
2025-06-18 00:00:00+05:30,3385.8705329382847,3404.0549041256045,3312.747815947458,3320.7333984375,2696327
2025-06-19 00:00:00+05:30,3319.3867621020736,3320.348903192538,3283.7875417548917,3294.37109375,2672768
2025-06-20 00:00:00+05:30,3295.332824141505,3315.826473793808,3281.7665424976394,3305.627685546875,2351248
2025-06-23 00:00:00+05:30,3285.71154983106,3295.332959933054,3242.4152043720856,3265.121826171875,3123421
2025-06-24 00:00:00+05:30,3304.5697916881572,3311.7858496666604,3253.9610777731646,3262.04296875,3403048
2025-06-25 00:00:00+05:30,3278.3030139670477,3319.3863869066126,3271.2793378210094,3314.38330078125,1757699
2025-06-26 00:00:00+05:30,3314.3832490719788,3320.7332385135887,3286.000090554292,3311.496826171875,2879106
2025-06-27 00:00:00+05:30,3324.1971522580116,3335.1654656898822,3301.105768277059,3310.823486328125,1778433
2025-06-30 00:00:00+05:30,3309.6687189307536,3333.7222438362,3300.143617027278,3330.93212890625,1468351
2025-07-01 00:00:00+05:30,3324.1971950415045,3353.0614253891877,3284.268343060543,3299.85498046875,2375183
2025-07-02 00:00:00+05:30,3355.1782290195283,3357.7759628799704,3290.5223973149878,3293.697509765625,3090585
2025-07-03 00:00:00+05:30,3300.1437879715377,3305.243182495177,3268.9705120384147,3272.04931640625,2531870
2025-07-04 00:00:00+05:30,3278.9765232213795,3297.257202194738,3261.7542933055606,3290.329833984375,1109320
2025-07-07 00:00:00+05:30,3288.8868460752856,3296.3915933540857,3279.361508602982,3282.53662109375,1639174
2025-07-08 00:00:00+05:30,3276.090106685197,3295.3329266950955,3264.929177120374,3277.24462890625,2325242
2025-07-09 00:00:00+05:30,3280.90091915286,3284.7494832808984,3239.5288547764453,3255.69287109375,2034938
2025-07-10 00:00:00+05:30,3252.036411459103,3270.317089511684,3228.945028655843,3253.960693359375,3035012
2025-07-11 00:00:00+05:30,3174.9690253465947,3208.7402687610033,3137.638142071979,3142.3525390625,7635550
2025-07-14 00:00:00+05:30,3142.352401281831,3148.1252470894524,3078.8510973979974,3100.691650390625,3924009
2025-07-15 00:00:00+05:30,3084.623968418985,3136.002202567695,3084.623968418985,3129.171142578125,2590889
2025-07-16 00:00:00+05:30,3115.365810708297,3132.6464874286985,3109.187305299685,3121.2548828125,2540733
2025-07-17 00:00:00+05:30,3112.5663349360093,3129.8470122556437,3093.2582102459683,3098.181640625,2947640
2025-07-18 00:00:00+05:30,3113.434923384125,3117.103513998714,3076.749488627971,3079.549072265625,3432645
2025-07-21 00:00:00+05:30,3079.645764950135,3086.982946316993,3042.960329505588,3048.94580078125,3844346
2025-07-22 00:00:00+05:30,3050.29736328125,3070.088189339792,3045.4703325352643,3050.29736328125,3198036
2025-07-23 00:00:00+05:30,3050.2976253482652,3071.9226306702544,3048.366812883985,3069.123046875,1922875
2025-07-24 00:00:00+05:30,3055.6074181166887,3063.909770455093,3031.3756269481614,3039.098876953125,2934778
2025-07-25 00:00:00+05:30,3031.375459671135,3047.6907301283586,3017.47370470728,3027.32080078125,2568917
2025-07-28 00:00:00+05:30,3002.413314143324,3010.1365638260077,2963.700430830921,2972.775390625,3374473
2025-07-29 00:00:00+05:30,2954.1431191329557,2967.658806606113,2935.993434530025,2950.281494140625,4785312
2025-07-30 00:00:00+05:30,2954.14286063789,2962.831516110354,2941.7856146047457,2947.96435546875,2880121
2025-07-31 00:00:00+05:30,2936.47600158721,2953.9499481457733,2910.6997030967705,2931.74560546875,2968371
2025-08-01 00:00:00+05:30,2925.0840779463133,2931.7455219766357,2896.2185275661836,2899.11474609375,2053847
2025-08-04 00:00:00+05:30,2905.0038424767117,2972.8717086542492,2888.1092342571515,2968.044677734375,2519252
2025-08-05 00:00:00+05:30,2968.044969051672,2971.0378227936944,2936.765899898755,2957.908203125,1927996
2025-08-06 00:00:00+05:30,2957.0390447864347,2960.7076353045086,2921.319017147813,2927.401123046875,1487081
2025-08-07 00:00:00+05:30,2911.665180402855,2946.0337363593026,2906.741514367591,2941.5927734375,2543076
2025-08-08 00:00:00+05:30,2942.654816418027,2953.950022141175,2920.353838284088,2931.359375,2762140
2025-08-11 00:00:00+05:30,2931.3592490987544,2944.3922326106717,2916.78175710605,2935.607177734375,1884215
2025-08-12 00:00:00+05:30,2935.8004122577677,2989.283824339261,2922.1880898269574,2930.39404296875,3358232
2025-08-13 00:00:00+05:30,2931.0698605624675,2939.0825434733065,2923.8293140563796,2931.166259765625,2148166
2025-08-14 00:00:00+05:30,2929.0425202763217,2950.1848225685903,2914.658061636635,2917.747314453125,3342174
2025-08-18 00:00:00+05:30,2941.1101377304376,2943.5236533530624,2899.501034118434,2907.03125,2945609
2025-08-19 00:00:00+05:30,2907.0313669979796,2920.3540209100356,2906.9349677861255,2911.8583984375,2650784
2025-08-20 00:00:00+05:30,2906.741166187621,2996.041231481408,2906.741166187621,2991.407470703125,4952358
2025-08-21 00:00:00+05:30,3021.721568272579,3021.721568272579,2976.444109339037,2995.26953125,3230726
2025-08-22 00:00:00+05:30,2979.2433381745764,2988.607730562596,2944.4887172496624,2948.350341796875,1593791
2025-08-25 00:00:00+05:30,2980.498635910434,3042.960370488012,2970.6515397185153,3031.954833984375,3448370
2025-08-26 00:00:00+05:30,3020.756060501902,3052.6144657420946,3012.067404527304,3047.98046875,5522097
2025-08-28 00:00:00+05:30,3036.2026334864163,3037.6507428505593,2979.7263682848406,2986.67724609375,3116051
2025-08-29 00:00:00+05:30,2986.001444170926,3007.2403810515466,2970.747978726777,2977.988525390625,2271789
2025-09-01 00:00:00+05:30,2983.105066117822,3022.7833539936464,2983.105066117822,3004.92333984375,1246862
2025-09-02 00:00:00+05:30,3013.1293217280318,3045.8564969417885,2995.7520104934983,3003.861328125,2185229
2025-09-03 00:00:00+05:30,3021.624523018328,3033.209396467178,2981.1741008373688,2990.345458984375,1799774
2025-09-04 00:00:00+05:30,3008.205948791588,3010.136761338951,2983.877757833792,2988.608154296875,1481391
2025-09-05 00:00:00+05:30,2989.959524182405,2996.0413944584525,2923.8292019621163,2942.84765625,2802055
2025-09-08 00:00:00+05:30,2944.4888711015133,2958.8733290135365,2911.6650607351357,2914.561279296875,2626187
2025-09-09 00:00:00+05:30,2927.208085964641,2954.1428233110028,2925.9530108288373,2943.909423828125,2489301
2025-09-10 00:00:00+05:30,2950.667462651561,3014.6739418754814,2947.7712440051832,3002.413330078125,2079428
2025-09-11 00:00:00+05:30,3030.4101295308183,3030.4101295308183,3002.5099840051885,3016.1220703125,2263446
2025-09-12 00:00:00+05:30,3035.23730697003,3039.7746692912174,3013.032962803265,3025.00390625,1447167
2025-09-15 00:00:00+05:30,3025.5828847209655,3025.5828847209655,2988.897450892185,3004.247314453125,1732539
2025-09-16 00:00:00+05:30,3019.79077434497,3041.029712016194,3001.5446903508278,3036.87841796875,2573429
2025-09-17 00:00:00+05:30,3042.960518364833,3072.3087742640014,3033.692524030945,3063.041015625,2418271
2025-09-18 00:00:00+05:30,3074.8188270106057,3092.1961390627853,3052.035145819797,3066.805908203125,2633138
2025-09-19 00:00:00+05:30,3060.337557621526,3070.474322402291,3035.2369972120114,3059.565185546875,4901694
2025-09-22 00:00:00+05:30,2987.93214013821,2999.420379452393,2958.96995461183,2967.465576171875,3634901
2025-09-23 00:00:00+05:30,2963.79714260431,2974.126942183857,2946.419830367542,2956.4599609375,3177741
2025-09-24 00:00:00+05:30,2944.4890685255477,2951.246912289377,2928.077162241963,2930.39404296875,1625714
2025-09-25 00:00:00+05:30,2917.457621779319,2924.7948033919906,2848.9137795733855,2855.09228515625,4974361
2025-09-26 00:00:00+05:30,2839.2595057026215,2852.5821577986485,2791.278866873073,2798.80908203125,3934636
2025-09-29 00:00:00+05:30,2815.124329879908,2827.964278797825,2793.885394606466,2795.912841796875,3110035
2025-09-30 00:00:00+05:30,2810.297523025748,2814.448816935253,2785.2935960579534,2788.479248046875,2253458
2025-10-01 00:00:00+05:30,2790.989341906879,2823.620118812873,2767.433524755383,2813.38671875,1952902
2025-10-03 00:00:00+05:30,2822.8475327064652,2822.8475327064652,2791.0857652107957,2801.511962890625,2899519
2025-10-06 00:00:00+05:30,2801.608774520881,2890.040076154485,2795.4302691582598,2885.019775390625,2112774
2025-10-07 00:00:00+05:30,2891.391568334869,2900.5629272327596,2853.2580234436414,2870.828369140625,3062943
2025-10-08 00:00:00+05:30,2872.083383638142,2937.7310038355854,2865.325540382523,2922.4775390625,4121889
2025-10-09 00:00:00+05:30,2929.042474504859,2959.9354735767624,2915.5267874109013,2955.7841796875,3211304
2025-10-10 00:00:00+05:30,2944.4888175243354,2963.7969409179377,2902.8797173331764,2923.53955078125,8817365
2025-10-13 00:00:00+05:30,2922.284768951729,2930.4907222176985,2894.481021335113,2903.169677734375,2866865
2025-10-14 00:00:00+05:30,2916.4919513097684,2922.47742224366,2853.257849088388,2857.891845703125,3611416
2025-10-15 00:00:00+05:30,2878.9193527026337,2887.349664986807,2859.539215693528,2877.756591796875,4282226
2025-10-16 00:00:00+05:30,2877.8534092983937,2882.7954389661986,2851.8842144350965,2878.628662109375,3251495
2025-10-17 00:00:00+05:30,2877.950145926403,2896.1675207642234,2863.8025522629873,2870.391845703125,4374683
2025-10-20 00:00:00+05:30,2892.9698128193104,2929.307567962745,2886.186765192536,2921.749267578125,3133039
2025-10-21 00:00:00+05:30,2937.1568492749448,2937.8351067763124,2903.1446131495227,2913.512939453125,310644
2025-10-23 00:00:00+05:30,2960.3157836535247,3001.983076189401,2942.001649703373,2977.95166015625,5564758
2025-10-24 00:00:00+05:30,2984.541081052346,2994.231149497321,2963.513679841537,2968.26171875,2684318
2025-10-27 00:00:00+05:30,2971.4594315335457,2998.300873295387,2965.3546412157716,2989.2890625,1946312
2025-10-28 00:00:00+05:30,2980.6650953225503,2994.424945391891,2945.974602490029,2963.1259765625,3470737
2025-10-29 00:00:00+05:30,2963.125962015583,2980.665080689528,2951.691870406029,2962.83544921875,2895420
2025-10-30 00:00:00+05:30,2954.598904451086,2968.843257944529,2938.804045355743,2941.2265625,2241536
2025-10-31 00:00:00+05:30,2940.9357431934422,2972.3314700068563,2931.342670159881,2963.222900390625,1868085
2025-11-03 00:00:00+05:30,2952.467014430014,2963.2230855965854,2916.7107546258085,2923.300048828125,2194877
2025-11-04 00:00:00+05:30,2926.01311261092,2935.4124315282234,2883.7643202783443,2897.524169921875,2670720
2025-11-06 00:00:00+05:30,2897.427367073782,2930.2766034150336,2897.3303717628805,2917.58251953125,2542721
2025-11-07 00:00:00+05:30,2907.989767522932,2910.896788283535,2868.7449872547954,2899.074951171875,1830520
2025-11-10 00:00:00+05:30,2900.237480105872,2953.4358611387806,2899.2684732632038,2931.439453125,1556656
2025-11-11 00:00:00+05:30,2950.6259510827763,2960.9942773891976,2924.462765309628,2952.56396484375,2806868
2025-11-12 00:00:00+05:30,2965.1608589527805,3039.192885115363,2962.3508338140637,3034.735595703125,4460315
2025-11-13 00:00:00+05:30,3034.735507748666,3034.8322664831685,3005.859058134587,3009.4443359375,1740435
2025-11-14 00:00:00+05:30,2994.2312415737683,3016.6153949995773,2981.924901585002,3009.7353515625,2210794
2025-11-17 00:00:00+05:30,3009.7352518307202,3026.6928715689805,2990.93661372188,3006.052978515625,2232853
2025-11-18 00:00:00+05:30,3005.8592500198897,3008.7662705711664,2982.6030856096777,2991.421142578125,2548350
2025-11-19 00:00:00+05:30,3001.0142221592077,3057.216619603584,2987.932629650603,3050.142822265625,3151053
2025-11-20 00:00:00+05:30,3050.4335382511167,3066.4221511422043,3040.8404651460387,3047.332763671875,2700767
2025-11-21 00:00:00+05:30,3047.332837865448,3071.7517635606687,3038.030277327296,3052.953125,4177037
2025-11-24 00:00:00+05:30,3060.1236005069036,3080.375748831919,3033.960415828725,3043.84423828125,6703764
2025-11-25 00:00:00+05:30,3047.817296493595,3052.1778273241375,3018.4563415864895,3022.526123046875,2737920
2025-11-26 00:00:00+05:30,3022.1385231343734,3079.503679669953,3020.394263540353,3064.87158203125,2508527
2025-11-27 00:00:00+05:30,3081.4417653096157,3081.4417653096157,3028.1463888655812,3039.386962890625,2836233
2025-11-28 00:00:00+05:30,3042.681550361056,3049.755347777002,3028.1464474134714,3040.259033203125,1616690
2025-12-01 00:00:00+05:30,3040.6466638725274,3056.247769627983,3025.4333028223336,3036.2861328125,1747647
2025-12-02 00:00:00+05:30,3033.960607457575,3046.557697172346,3023.6890396759504,3038.514892578125,2512003
2025-12-03 00:00:00+05:30,3042.6813780586676,3112.3528729457903,3041.7123712503685,3081.441650390625,3952112
2025-12-04 00:00:00+05:30,3095.00770730463,3149.27208789607,3088.6121678196405,3129.11669921875,5025905
2025-12-05 00:00:00+05:30,3129.892081880524,3170.2028609083113,3122.527535293584,3137.837890625,5244013
2025-12-08 00:00:00+05:30,3142.489218360763,3158.8653395160463,3109.1554773099156,3136.190673828125,2544725
2025-12-09 00:00:00+05:30,3129.8919017803323,3133.4771795542747,3082.604323565585,3108.864501953125,2734893
2025-12-10 00:00:00+05:30,3125.0471830165943,3125.0471830165943,3079.6008550466445,3090.356689453125,1386849
2025-12-11 00:00:00+05:30,3105.6669848803986,3108.9615135733166,3055.3756234989633,3092.972900390625,1914362
2025-12-12 00:00:00+05:30,3098.5931202045713,3123.1090405337873,3086.9650381423917,3120.6865234375,1146554
2025-12-15 00:00:00+05:30,3111.577805569695,3137.8377476982373,3098.205464520373,3130.085693359375,1562190
2025-12-16 00:00:00+05:30,3120.202023295087,3120.202023295087,3092.197820262168,3105.763916015625,1734623
2025-12-17 00:00:00+05:30,3101.306446555184,3136.5782015286727,3101.306446555184,3118.0703125,1376350
2025-12-18 00:00:00+05:30,3127.954067510894,3185.9007236352077,3121.1710196569366,3179.11767578125,2307422
2025-12-19 00:00:00+05:30,3196.753634213965,3215.067769256,3177.179742937931,3180.280517578125,3902511
2025-12-22 00:00:00+05:30,3207.412479375921,3225.436100324642,3189.0013503402283,3221.8505859375,2632816
2025-12-23 00:00:00+05:30,3217.005670614833,3217.005670614833,3191.423985009323,3207.41259765625,2365420
2025-12-24 00:00:00+05:30,3201.695681385047,3223.98283930865,3193.943626455098,3216.1337890625,1367708
2025-12-26 00:00:00+05:30,3210.4167512800273,3217.102804044398,3170.3967202884214,3178.342529296875,1176664
2025-12-29 00:00:00+05:30,3178.342279524835,3186.094333865139,3142.392032892103,3150.7255859375,2079473
2025-12-30 00:00:00+05:30,3149.272405605489,3166.230026251057,3139.0978332181485,3146.171630859375,2807593
2025-12-31 00:00:00+05:30,3139.58231408187,3145.3963554042443,3099.3685282687848,3106.829833984375,3362634
2026-01-01 00:00:00+05:30,3115.35696849259,3133.865093634826,3099.0776063813255,3127.37255859375,1255735
2026-01-02 00:00:00+05:30,3133.7680727866077,3153.4389586535176,3119.717473820805,3149.950439453125,1184324
2026-01-05 00:00:00+05:30,3140.0667687506084,3146.3653134186775,3092.1009285860796,3116.423095703125,2341703
2026-01-06 00:00:00+05:30,3110.512016678168,3162.063134250383,3105.666982384277,3154.892578125,2912325
2026-01-07 00:00:00+05:30,3142.3921354819236,3198.3040184958663,3123.3027483604965,3193.458984375,1989442
2026-01-08 00:00:00+05:30,3185.028645932727,3185.028645932727,3083.3799179984962,3104.60107421875,4159336
2026-01-09 00:00:00+05:30,3092.1010079115476,3129.601527505619,3092.1010079115476,3108.38037109375,1938673
2026-01-12 00:00:00+05:30,3103.728835933978,3151.2101699835457,3075.9183875911604,3139.194580078125,2228342
2026-01-13 00:00:00+05:30,3144.42719813222,3178.3424375573745,3110.9964621274244,3166.71435546875,5645341
2026-01-14 00:00:00+05:30,3158.962158011942,3158.962158011942,3084.348634647856,3093.55419921875,3539511
2026-01-15 00:00:00+05:30,3093.55419921875,3093.55419921875,3093.55419921875,3093.55419921875,0
2026-01-16 00:00:00+05:30,3176.3318131508636,3178.7983689605644,3128.579389024886,3163.8017578125,4293470
2026-01-19 00:00:00+05:30,3145.3520534559602,3176.9239686725823,3109.9324074221513,3121.278564453125,3387562
2026-01-20 00:00:00+05:30,3109.4391143226594,3117.7266457653604,3049.7484617692403,3060.798583984375,4499273
2026-01-21 00:00:00+05:30,3058.5291438659533,3096.5141025881594,3040.769942385441,3080.826904296875,2015150
2026-01-22 00:00:00+05:30,3107.8603302315137,3117.7265535020897,3080.5309399469356,3108.2548828125,2269827
2026-01-23 00:00:00+05:30,3147.621264153488,3151.7650297600667,3109.8335807806325,3120.193115234375,2068857
2026-01-27 00:00:00+05:30,3132.5259981161435,3132.5259981161435,3088.127991843631,3115.75341796875,4279874
2026-01-28 00:00:00+05:30,3133.5125881835056,3162.3219126707263,3128.184923835551,3157.290283203125,2751234
2026-01-29 00:00:00+05:30,3157.2902623909354,3157.2902623909354,3083.786897692938,3102.335205078125,2457641
2026-01-30 00:00:00+05:30,3098.980713054142,3098.980713054142,3050.636219281569,3082.109375,3022068
2026-02-02 00:00:00+05:30,3155.218220087344,3155.218220087344,3092.074390792288,3127.1982421875,2636272
2026-02-03 00:00:00+05:30,3305.1848335937134,3305.1848335937134,3143.674804974814,3182.153076171875,4366060
2026-02-04 00:00:00+05:30,3078.2617963038065,3078.2617963038065,2946.0543986420407,2958.979248046875,10852595
2026-02-05 00:00:00+05:30,2950.000779389259,2989.1696378838233,2932.5376122480607,2951.480712890625,3521545
2026-02-06 00:00:00+05:30,2936.7800719556926,2945.0676030314735,2876.990663463912,2902.248291015625,4687389
2026-02-09 00:00:00+05:30,2919.5143380742375,2937.174782066686,2898.2031986297916,2908.760009765625,2380318
2026-02-10 00:00:00+05:30,2910.3385905230825,2971.3118985519286,2904.1228216834434,2944.673095703125,3547763
2026-02-11 00:00:00+05:30,2940.134620504305,2957.893822910036,2865.348597754142,2870.873779296875,3363513
2026-02-12 00:00:00+05:30,2831.4086986412967,2841.472197833708,2703.3450771056805,2713.31005859375,10612156
2026-02-13 00:00:00+05:30,2550.4187054416375,2676.706362809734,2550.4187054416375,2656.1845703125,11168735
2026-02-16 00:00:00+05:30,2663.880286127823,2683.4154564010123,2635.2682386101537,2670.39208984375,2918730
2026-02-17 00:00:00+05:30,2679.666188399951,2723.0775699498763,2659.144396219614,2681.04736328125,4209118
2026-02-18 00:00:00+05:30,2693.478928386682,2693.478928386682,2621.751534036431,2658.848388671875,2950820
2026-02-19 00:00:00+05:30,2671.7733571903564,2711.9288391622777,2630.9272877397234,2642.075927734375,3238849
2026-02-20 00:00:00+05:30,2631.3217917460984,2666.4456435463158,2612.0826560359187,2650.264892578125,2293482
2026-02-23 00:00:00+05:30,2650.0675026055624,2667.8267040377664,2624.612599044486,2640.497314453125,4699596
2026-02-24 00:00:00+05:30,2605.669504618486,2612.0825495938816,2527.035755172012,2539.269775390625,7798833
2026-02-25 00:00:00+05:30,2561.2716479227247,2618.6930211303556,2560.2850255621997,2594.126220703125,3621285
2026-02-26 00:00:00+05:30,2614.549064594777,2635.26813265383,2599.749730266882,2612.27978515625,3464267
2026-02-27 00:00:00+05:30,2645.726576120342,2652.6329325338243,2590.969035984877,2602.11767578125,5083717
2026-03-02 00:00:00+05:30,2557.324974292137,2588.6996112720262,2545.7815416803182,2578.537353515625,3374385
2026-03-04 00:00:00+05:30,2589.8837001747893,2599.7499237945026,2545.880246481027,2553.181396484375,3446434
2026-03-05 00:00:00+05:30,2565.2181034037962,2574.5910157046947,2512.335049229941,2544.3017578125,2960636
2026-03-06 00:00:00+05:30,2537.5927639837228,2584.161292192951,2519.4390085227947,2523.385498046875,3998643
2026-03-09 00:00:00+05:30,2496.1544256648085,2525.7530947438377,2471.4888680989507,2493.589111328125,3653428
2026-03-10 00:00:00+05:30,2507.007379980955,2511.1511456572443,2456.7883989435327,2479.480712890625,4323710
2026-03-11 00:00:00+05:30,2474.547570466413,2487.2749022159755,2427.1896984686477,2431.92529296875,2720664
2026-03-12 00:00:00+05:30,2426.8936916820116,2439.818299872899,2403.412031703097,2409.726318359375,2752075
2026-03-13 00:00:00+05:30,2404.398666093815,2413.179508655849,2364.9337721078678,2378.253173828125,2466488
2026-03-16 00:00:00+05:30,2377.759805019881,2392.5591399058967,2334.4471812699776,2376.970458984375,3807907
2026-03-17 00:00:00+05:30,2387.6260500920594,2387.6260500920594,2328.428710007132,2359.70458984375,2993367
2026-03-18 00:00:00+05:30,2377.759931791064,2449.684606821956,2377.759931791064,2408.14794921875,3082388
2026-03-19 00:00:00+05:30,2384.6661390424383,2391.5724952581177,2318.7597201236085,2324.482177734375,2757060
2026-03-20 00:00:00+05:30,2354.0808258010857,2375.5892402804725,2332.5724113216993,2358.619384765625,4206320
2026-03-23 00:00:00+05:30,2333.3618520807718,2374.602714385491,2316.589272171523,2351.910400390625,3860515
2026-03-24 00:00:00+05:30,2371.9388633725343,2402.819949907421,2347.2733048784753,2366.709716796875,3420182
2026-03-25 00:00:00+05:30,2368.781573169959,2389.204849113034,2338.097761710688,2345.595947265625,5843778
2026-03-27 00:00:00+05:30,2371.7413083689694,2389.69802736586,2353.0942427947716,2357.830078125,4979411
2026-03-30 00:00:00+05:30,2343.3267357786763,2365.9202902405636,2314.8132066050703,2327.34326171875,6804756
2026-04-01 00:00:00+05:30,2396.5056797013217,2438.9304406017563,2365.8216283746565,2375.98388671875,4132661
2026-04-02 00:00:00+05:30,2354.080866963729,2436.858383664294,2343.91860884341,2417.915283203125,5378361
2026-04-06 00:00:00+05:30,2440.903690225315,2448.7966690134326,2415.4487854587173,2440.804931640625,2572417
2026-04-07 00:00:00+05:30,2428.0775971710527,2509.868493428073,2415.251506653692,2505.823486328125,4516550
2026-04-08 00:00:00+05:30,2537.592681428627,2545.781695099603,2506.119524847839,2524.9638671875,4769337
2026-04-09 00:00:00+05:30,2519.8334525275204,2570.1511917909907,2497.2398973257214,2554.365234375,5628261
2026-04-10 00:00:00+05:30,2531.4755878535475,2531.4755878535475,2467.641172150841,2490.53076171875,10480239
2026-04-13 00:00:00+05:30,2456.5908344868626,2471.390169384871,2436.9571465386753,2439.5224609375,3739587
2026-04-15 00:00:00+05:30,2468.430210056267,2524.7664391435346,2460.0439205944767,2520.72119140625,5261384
2026-04-16 00:00:00+05:30,2537.5926488552986,2559.298340252972,2523.779936147688,2542.427001953125,3905403
2026-04-17 00:00:00+05:30,2535.6194192375438,2554.365243737743,2521.707947863873,2546.965576171875,2718206
2026-04-20 00:00:00+05:30,2552.490731944509,2559.2983296867455,2526.937069016173,2545.091064453125,2288558
2026-04-21 00:00:00+05:30,2525.7532081976633,2579.0308149330826,2525.7532081976633,2575.57763671875,2719959
2026-04-22 00:00:00+05:30,2545.485597963241,2545.485597963241,2470.107748698972,2504.540771484375,5232045
2026-04-23 00:00:00+05:30,2495.167841496993,2525.2598221872495,2482.637786236952,2488.064208984375,2509050
2026-04-24 00:00:00+05:30,2454.7163513416886,2471.4889309127534,2356.8434646078067,2364.8349609375,5107719
2026-04-27 00:00:00+05:30,2364.8349883004043,2426.1043319099444,2364.8349883004043,2414.85693359375,5853425
2026-04-28 00:00:00+05:30,2411.3050180002156,2453.7297789552113,2394.9269906770533,2411.99560546875,4508363
2026-04-29 00:00:00+05:30,2418.211337173827,2454.6176048964962,2414.8569175928637,2441.59423828125,2835961
2026-04-30 00:00:00+05:30,2445.8368019678887,2457.6762701500647,2405.3852856787867,2440.804931640625,3970446
2026-05-01 00:00:00+05:30,2440.804931640625,2440.804931640625,2440.804931640625,2440.804931640625,0
2026-05-04 00:00:00+05:30,2460.6360738276094,2464.8785979918853,2392.559133533261,2398.77490234375,2632358
2026-05-05 00:00:00+05:30,2397.4922011892513,2427.485422911908,2379.9302759850466,2394.828369140625,3385720
2026-05-06 00:00:00+05:30,2409.2328690917466,2437.9436740268407,2374.306536440952,2402.81982421875,3147628
2026-05-07 00:00:00+05:30,2405.582406456141,2407.0623398832377,2365.9202387848723,2369.274658203125,5829594
2026-05-08 00:00:00+05:30,2365.920344937355,2374.7999458983372,2343.326789953136,2362.368408203125,3792199
2026-05-11 00:00:00+05:30,2339.2814955090735,2382.6928771212197,2339.2814955090735,2360.888427734375,1975188
2026-05-12 00:00:00+05:30,2343.2279819983573,2343.2279819983573,2252.4587296430527,2269.52734375,6347884
2026-05-13 00:00:00+05:30,2275.1510766173806,2278.308219875756,2238.6460506699204,2242.395263671875,3171843
2026-05-14 00:00:00+05:30,2234.6996825737074,2234.6996825737074,2176.883514966109,2215.953857421875,5633313
2026-05-15 00:00:00+05:30,2221.873423006846,2274.06564640704,2221.873423006846,2233.712890625,3410637
2026-05-18 00:00:00+05:30,2233.7129057172556,2262.226194073794,2222.070714305826,2252.656005859375,3773336
2026-05-19 00:00:00+05:30,2269.2314317901273,2345.793423403843,2266.3703232911885,2295.968994140625,10394707
2026-05-20 00:00:00+05:30,2292.8114703818346,2310.669430390967,2286.793218866712,2296.2646484375,2537422
2026-05-21 00:00:00+05:30,2299.816595750975,2304.650948701518,2283.0440165455843,2296.0673828125,3299087
2026-05-22 00:00:00+05:30,2299.9154856057353,2308.696328282268,2277.223171267918,2286.300048828125,2617262
2026-05-25 00:00:00+05:30,2325.0,2326.10009765625,2293.0,2308.199951171875,3298364
2026-05-26 00:00:00+05:30,2308.199951171875,2327.89990234375,2272.39990234375,2276.199951171875,3587597
2026-05-27 00:00:00+05:30,2275.0,2295.60009765625,2260.89990234375,2284.199951171875,2653950
2026-05-28 00:00:00+05:30,2284.199951171875,2284.199951171875,2284.199951171875,2284.199951171875,0
2026-05-29 00:00:00+05:30,2291.0,2334.0,2235.0,2258.89990234375,16331582
2026-06-01 00:00:00+05:30,2284.0,2335.0,2280.0,2297.39990234375,7505095
2026-06-02 00:00:00+05:30,2320.0,2457.39990234375,2316.199951171875,2446.89990234375,11306127
2026-06-03 00:00:00+05:30,2393.0,2393.0,2224.800048828125,2241.699951171875,15660062
2026-06-04 00:00:00+05:30,2241.699951171875,2253.10009765625,2216.60009765625,2241.0,4867263
2026-06-05 00:00:00+05:30,2262.89990234375,2271.800048828125,2192.0,2198.89990234375,5019717
2026-06-08 00:00:00+05:30,2170.0,2177.0,2143.300048828125,2151.39990234375,6536734
2026-06-09 00:00:00+05:30,2174.0,2174.0,2132.800048828125,2151.0,4148655
2026-06-10 00:00:00+05:30,2151.300048828125,2180.800048828125,2144.800048828125,2153.89990234375,2848650
2026-06-11 00:00:00+05:30,2127.0,2154.60009765625,2110.0,2135.60009765625,3079815
2026-06-12 00:00:00+05:30,2150.0,2168.0,2138.0,2161.39990234375,2124656
2026-06-15 00:00:00+05:30,2192.0,2192.0,2159.300048828125,2162.0,3337083
2026-06-16 00:00:00+05:30,2167.0,2209.0,2160.60009765625,2199.0,3079898
2026-06-17 00:00:00+05:30,2209.0,2231.0,2200.699951171875,2223.0,2865010
2026-06-18 00:00:00+05:30,2209.0,2214.0,2182.0,2203.300048828125,3735188
2026-06-19 00:00:00+05:30,2105.0,2112.10009765625,2059.89990234375,2083.89990234375,7751775
